order,feature,coefficients,absVal
1,CZ-ARG__CG-ASP,1.2239659393979223,1.2239659393979223
2,OD1-ASP__CZ-ARG,1.1552040344634693,1.1552040344634693
3,OE2-GLU__CZ-ARG,1.0157297652202049,1.0157297652202049
4,NH2-ARG__CG-ASP,0.9378499439534996,0.9378499439534996
5,OD2-ASP__CZ-ARG,0.9298668960575728,0.9298668960575728
6,NZ-LYS__CG-ASP,0.9243497670352648,0.9243497670352648
7,CZ-ARG__CD-GLU,0.8585126830282919,0.8585126830282919
8,CD-GLU__CE-LYS,0.8328879883101428,0.8328879883101428
9,NZ-LYS__CD-GLU,0.7903041742746226,0.7903041742746226
10,NZ-LYS__OD1-ASP,0.7685613981872337,0.7685613981872337
11,NZ-LYS__OD2-ASP,0.7581722267573971,0.7581722267573971
12,CD-GLU__NH2-ARG,0.7446060114629353,0.7446060114629353
13,CE-LYS__OD2-ASP,0.7300143439682328,0.7300143439682328
14,CB-ASP__NZ-LYS,0.7158990948233077,0.7158990948233077
15,CZ-ARG__CG-GLU,0.7085778562545151,0.7085778562545151
16,NH2-ARG__CG-GLU,0.7054548734969829,0.7054548734969829
17,NZ-LYS__OE1-GLU,0.7049469523091565,0.7049469523091565
18,NH2-ARG__OD1-ASP,0.6883674859607505,0.6883674859607505
19,CE-LYS__CG-ASP,0.6804750623294177,0.6804750623294177
20,OE1-GLU__CZ-ARG,0.6707227490870882,0.6707227490870882
21,NH1-ARG__CD-GLU,0.6580460689849719,0.6580460689849719
22,NH2-ARG__CB-ASP,0.648720491405202,0.648720491405202
23,NZ-LYS__OE2-GLU,0.6474191810436958,0.6474191810436958
24,CG-ASP__NH1-ARG,0.6202459590740649,0.6202459590740649
25,CG-GLU__NZ-LYS,0.6197251667918817,0.6197251667918817
26,CZ-ARG__CB-ASP,0.6168471520296371,0.6168471520296371
27,NH2-ARG__OE2-GLU,0.6158986024988979,0.6158986024988979
28,CG-GLU__CE-LYS,0.5997352215774814,0.5997352215774814
29,OD1-ASP__NH1-ARG,0.591562697089187,0.591562697089187
30,CB-VAL__CB-VAL,0.5798631769406908,0.5798631769406908
31,CE-LYS__OE2-GLU,0.5730385957179502,0.5730385957179502
32,CE-LYS__OD1-ASP,0.5710769641237625,0.5710769641237625
33,OE1-GLU__NH2-ARG,0.5654521982160934,0.5654521982160934
34,NH1-ARG__OD2-ASP,0.5634292308055739,0.5634292308055739
35,CD-LYS__CG-ASP,0.5523677837768874,0.5523677837768874
36,NE-ARG__CB-ASP,0.5425304668991344,0.5425304668991344
37,CB-GLU__NZ-LYS,0.5314712518267037,0.5314712518267037
38,ND2-ASN__ND2-ASN,0.5307201188319286,0.5307201188319286
39,CG-LEU__CB-VAL,0.5270743924264751,0.5270743924264751
40,CB-ASP__CE-LYS,0.5259980773665738,0.5259980773665738
41,CD-LYS__OE1-GLU,0.5238453767228104,0.5238453767228104
42,CB-VAL__CB-ILE,0.5129378738345055,0.5129378738345055
43,OG-SER__NH1-ARG,0.5090335790506029,0.5090335790506029
44,OH-TYR__CG-ASP,0.5008285336011628,0.5008285336011628
45,CE-LYS__OE1-GLU,0.4977297835829236,0.4977297835829236
46,CD-LYS__CD-GLU,0.495875829683017,0.495875829683017
47,CB-VAL__CB-LEU,0.4855658417309048,0.4855658417309048
48,OE2-GLU__NH1-ARG,0.4846098975002401,0.4846098975002401
49,NZ-LYS__CZ-ARG,0.4810081499525658,0.4810081499525658
50,C-LEU__CD1-LEU,0.4797189133047615,0.4797189133047615
51,CZ3-TRP__CG-LEU,0.4785433076836802,0.4785433076836802
52,CD-LYS__OD2-ASP,0.478001348733524,0.478001348733524
53,CA-ASP__NZ-LYS,0.4770259915999701,0.4770259915999701
54,O-ILE__CG1-ILE,0.4760634669850348,0.4760634669850348
55,O-VAL__CG2-VAL,0.4724874088070769,0.4724874088070769
56,OE2-GLU__CD-LYS,0.46555320668013,0.46555320668013
57,NZ-LYS__ND2-ASN,0.4638917317719445,0.4638917317719445
58,OD1-ASP__NE2-GLN,0.4522500355632613,0.4522500355632613
59,OD1-ASP__CD-LYS,0.4515564105890316,0.4515564105890316
60,NH2-ARG__O-GLY,0.4378950734590975,0.4378950734590975
61,OD2-ASP__OE1-GLU,0.4368436896234431,0.4368436896234431
62,OH-TYR__OD2-ASP,0.4358041321786851,0.4358041321786851
63,CD2-LEU__N-LEU,0.4332637406690504,0.4332637406690504
64,CD1-LEU__CD1-ILE,0.43305396446699546,0.43305396446699546
65,CD-ARG__CD-GLU,0.4314006650478643,0.4314006650478643
66,NE-ARG__CG-GLU,0.4292184436063378,0.4292184436063378
67,CD1-ILE__CE1-PHE,0.4250483502395557,0.4250483502395557
68,C-ARG__C-GLU,0.4219502239027787,0.4219502239027787
69,CG-GLU__NH1-ARG,0.421405115927654,0.421405115927654
70,ND2-ASN__CG2-VAL,0.4164748846044162,0.4164748846044162
71,CA-ASP__CE-LYS,0.41297443054050775,0.41297443054050775
72,CD2-HID__OE2-GLU,0.4120397663952083,0.4120397663952083
73,CG2-VAL__CD1-ILE,0.4115226206247152,0.4115226206247152
74,CE-LYS__OH-TYR,0.4037746622467677,0.4037746622467677
75,CD1-LEU__CZ-PHE,0.4021849196908726,0.4021849196908726
76,OH-TYR__OE1-GLU,0.40161959266788494,0.40161959266788494
77,CA-GLU__C-ARG,0.4010836430271999,0.4010836430271999
78,OE2-GLU__OD2-ASP,0.4004421513080012,0.4004421513080012
79,CB-ALA__CB-VAL,0.3989380392769196,0.3989380392769196
80,OE2-GLU__OH-TYR,0.3952382220465187,0.3952382220465187
81,NH1-ARG__OE1-GLU,0.3944385694668788,0.3944385694668788
82,SG-CYS__CD2-LEU,0.3942208159182801,0.3942208159182801
83,NH2-ARG__NZ-LYS,0.3890647838515669,0.3890647838515669
84,CZ-PHE__CG-LEU,0.3889616260610461,0.3889616260610461
85,NE-ARG__CA-ARG,-0.3882213065296841,0.3882213065296841
86,OE2-GLU__CD-ARG,0.3821763561984857,0.3821763561984857
87,CG2-THR__NZ-LYS,0.3797107691230917,0.3797107691230917
88,OD1-ASP__C-ASP,-0.3795674965441049,0.3795674965441049
89,NZ-LYS__OH-TYR,0.3785499020464411,0.3785499020464411
90,OD2-ASP__CD-ARG,0.3780637920323656,0.3780637920323656
91,CA-TYR__CE1-TYR,0.37205564503419175,0.37205564503419175
92,N-GLY__CB-THR,0.37198882633948105,0.37198882633948105
93,CB-ALA__CB-LEU,0.3713355791206081,0.3713355791206081
94,CG2-THR__OH-TYR,0.3706830676430733,0.3706830676430733
95,CG-LEU__CH2-TRP,0.3706504971933756,0.3706504971933756
96,O-GLY__NE2-GLN,0.3670625329762832,0.3670625329762832
97,CG2-THR__CE1-HID,0.3625176813224917,0.3625176813224917
98,CB-ALA__CA-GLY,0.3616955532950108,0.3616955532950108
99,CD-GLU__C-GLU,-0.36077074519359,0.36077074519359
100,CB-ASN__CA-TYR,0.3601657182002113,0.3601657182002113
101,CE-MET__CH2-TRP,0.3601002719850363,0.3601002719850363
102,CB-ILE__CB-ALA,0.3593647242841017,0.3593647242841017
103,ND2-ASN__O-LEU,0.3591415827857193,0.3591415827857193
104,CB-ILE__CB-ILE,0.3586301082300333,0.3586301082300333
105,C-GLY__O-CYS,0.35846547744802065,0.35846547744802065
106,CD-LYS__OH-TYR,0.35832302671251537,0.35832302671251537
107,CE-LYS__CB-GLU,0.3574586841257685,0.3574586841257685
108,O-VAL__CG1-VAL,0.357120503851286,0.357120503851286
109,CG-ASP__O-ASP,-0.35545905394339483,0.35545905394339483
110,CB-HID__O-HID,0.3543484325331145,0.3543484325331145
111,O-GLN__ND2-ASN,0.35375573209831995,0.35375573209831995
112,CG2-ILE__CD1-LEU,0.3531155651767746,0.3531155651767746
113,CA-GLU__OE2-GLU,-0.3515851073743527,0.3515851073743527
114,CD1-ILE__CZ-PHE,0.3504273834264894,0.3504273834264894
115,CB-ALA__CZ-PHE,0.3498775631622213,0.3498775631622213
116,CG-ASP__CD-ARG,0.34935419237842985,0.34935419237842985
117,CG-LEU__CG-LEU,0.3481869518062442,0.3481869518062442
118,CE1-HID__OH-TYR,0.3463595844933559,0.3463595844933559
119,N-GLY__CB-ALA,0.34576404571406383,0.34576404571406383
120,CB-GLU__CA-ARG,0.3443439962717939,0.3443439962717939
121,CD1-LEU__CE1-PHE,0.3438926776228971,0.3438926776228971
122,NZ-LYS__CD-ARG,0.341572393802087,0.341572393802087
123,ND2-ASN__OD1-ASP,0.34094433029286675,0.34094433029286675
124,CB-PHE__CB-ILE,0.3407427688189343,0.3407427688189343
125,CG-ASN__ND2-ASN,0.3404583036919935,0.3404583036919935
126,CB-ALA__CD1-TYR,0.3403443168169877,0.3403443168169877
127,NZ-LYS__N-ASP,0.3392486660671978,0.3392486660671978
128,CH2-TRP__CD1-TRP,0.33820490386417323,0.33820490386417323
129,CZ-PHE__CB-PHE,0.3381336660783195,0.3381336660783195
130,CG-PRO__CZ2-TRP,0.337825557299863,0.337825557299863
131,CA-GLY__NZ-LYS,0.3372949628140809,0.3372949628140809
132,OE1-GLU__OD1-ASP,0.33572826357330104,0.33572826357330104
133,NZ-LYS__CD-LYS,0.3357036976912225,0.3357036976912225
134,ND2-ASN__NE2-GLN,0.3353103636139653,0.3353103636139653
135,C-GLU__OE1-GLU,-0.33481091636283433,0.33481091636283433
136,CE2-PHE__CD1-LEU,0.33373274465424696,0.33373274465424696
137,CH2-TRP__CD1-ILE,0.3311121328704089,0.3311121328704089
138,CD1-LEU__CG2-VAL,0.3302391943417196,0.3302391943417196
139,CG2-VAL__CD2-LEU,0.32927013412145023,0.32927013412145023
140,CB-ALA__CB-GLN,0.32787650121381595,0.32787650121381595
141,OH-TYR__CZ-ARG,0.3269291522175907,0.3269291522175907
142,CG-ARG__CE2-PHE,0.3267539034115632,0.3267539034115632
143,O-ARG__CA-GLU,0.3259381534950882,0.3259381534950882
144,CG1-VAL__CD1-LEU,0.32321069908742706,0.32321069908742706
145,NZ-LYS__CE2-TYR,0.3222702059932578,0.3222702059932578
146,CA-GLY__OH-TYR,0.3218887915184764,0.3218887915184764
147,CE1-PHE__CG2-ILE,0.3212577284481166,0.3212577284481166
148,CA-VAL__CG-LYS,-0.3211283990975694,0.3211283990975694
149,NH2-ARG__CA-GLY,0.3210674737273229,0.3210674737273229
150,O-ASN__NZ-LYS,0.32106353469866744,0.32106353469866744
151,N-GLY__CB-CYS,0.3209800748333468,0.3209800748333468
152,NZ-LYS__CB-ASN,0.31988754097115824,0.31988754097115824
153,CG-PRO__OH-TYR,0.3182144428825755,0.3182144428825755
154,CZ3-TRP__CD2-LEU,0.31791895818574034,0.31791895818574034
155,C-GLY__N-LEU,-0.31767009904846233,0.31767009904846233
156,CB-HID__CB-ILE,0.3150410168426597,0.3150410168426597
157,CG-ASN__OH-TYR,0.3142037082533249,0.3142037082533249
158,CD-LYS__C-LYS,-0.3140157845705117,0.3140157845705117
159,NE-ARG__CA-ASP,0.3138495355084942,0.3138495355084942
160,CA-LEU__CG-LYS,-0.31191324331669,0.31191324331669
161,O-ILE__CG-ARG,-0.31161553348672577,0.31161553348672577
162,CG-GLU__CD-LYS,0.3115992500116196,0.3115992500116196
163,OE2-GLU__O-GLY,0.3113286061779024,0.3113286061779024
164,CB-THR__CB-TYR,0.30981133324371635,0.30981133324371635
165,CA-LEU__CG-GLU,-0.30964956290525353,0.30964956290525353
166,CD-ARG__C-ARG,-0.30964701209449463,0.30964701209449463
167,CD1-LEU__CD1-LEU,0.3091265064726044,0.3091265064726044
168,NZ-LYS__CD2-TYR,0.3090962245935878,0.3090962245935878
169,CD1-ILE__CZ3-TRP,0.30907413595239663,0.30907413595239663
170,CB-ALA__CB-TYR,0.3090233737059517,0.3090233737059517
171,N-PHE__CE1-PHE,0.3086428325437446,0.3086428325437446
172,CB-ALA__CE1-PHE,0.30796095301665044,0.30796095301665044
173,CD2-LEU__CG2-ILE,0.3079573760901248,0.3079573760901248
174,CB-GLU__NH2-ARG,0.3078336792652997,0.3078336792652997
175,CD1-LEU__NZ-LYS,0.3074764233113514,0.3074764233113514
176,N-TYR__CB-THR,0.30651146135302365,0.30651146135302365
177,CB-ALA__CA-VAL,0.30641179963272713,0.30641179963272713
178,OG-SER__CG-GLU,0.3062088209666738,0.3062088209666738
179,N-VAL__CB-ALA,0.30615546010233663,0.30615546010233663
180,CD1-PHE__CD1-ILE,0.30574829548781723,0.30574829548781723
181,OD2-ASP__CG-LYS,0.30550690221464744,0.30550690221464744
182,NH2-ARG__CG2-THR,0.3048107904336285,0.3048107904336285
183,OG-SER__CG-ASP,0.3047634353476584,0.3047634353476584
184,NH1-ARG__CB-ASP,0.30392901144960777,0.30392901144960777
185,CB-TRP__N-HID,0.3038311557822105,0.3038311557822105
186,CG-ASP__CZ-TYR,0.303691247200276,0.303691247200276
187,O-ASN__O-ASP,-0.3036670606096249,0.3036670606096249
188,CD1-ILE__CD2-LEU,0.30311226974593913,0.30311226974593913
189,OE1-GLU__ND2-ASN,0.3031024412878819,0.3031024412878819
190,CZ2-TRP__CD-PRO,0.303049436498137,0.303049436498137
191,NH1-ARG__NZ-LYS,0.3024758309588076,0.3024758309588076
192,CB-ASP__CD-LYS,0.30136486399314755,0.30136486399314755
193,CD-GLU__N-LEU,-0.30110479253570954,0.30110479253570954
194,CE2-TYR__CB-ALA,0.3009781597318444,0.3009781597318444
195,NH2-ARG__O-SER,0.3007111116185168,0.3007111116185168
196,C-LYS__CD-ARG,-0.3001045696831527,0.3001045696831527
197,CA-LEU__CG-ASP,-0.2989547874102346,0.2989547874102346
198,CB-VAL__CB-TYR,0.2989185029107721,0.2989185029107721
199,OE2-GLU__OE2-GLU,0.2978402804809062,0.2978402804809062
200,NZ-LYS__CE-LYS,0.2969388784369459,0.2969388784369459
201,NZ-LYS__CG-PRO,0.2966798736933376,0.2966798736933376
202,CD2-LEU__CG1-VAL,0.2956877407207859,0.2956877407207859
203,CD1-ILE__NZ-LYS,0.295090409325912,0.295090409325912
204,N-SER__O-LYS,0.2941650077659912,0.2941650077659912
205,NH1-ARG__CA-GLY,0.2930044665366384,0.2930044665366384
206,OH-TYR__CG-LYS,0.29256625431320504,0.29256625431320504
207,OD1-ASN__OD1-ASN,0.2917768172791846,0.2917768172791846
208,CA-TYR__CB-THR,0.2910861440664378,0.2910861440664378
209,CH2-TRP__CG-PRO,0.2907065774583228,0.2907065774583228
210,O-CYS__N-GLY,0.2905121314669883,0.2905121314669883
211,O-ARG__CZ-ARG,-0.2899803968510677,0.2899803968510677
212,C-GLY__N-ASP,-0.28953106948574603,0.28953106948574603
213,CG-LYS__OE2-GLU,0.28942731184877224,0.28942731184877224
214,CB-THR__CA-GLY,0.28909469462305537,0.28909469462305537
215,CG-LEU__CD1-ILE,0.2889000249407058,0.2889000249407058
216,OE2-GLU__OE1-GLN,0.2888900696581072,0.2888900696581072
217,OH-TYR__CD2-LEU,0.28885770670662864,0.28885770670662864
218,CE2-TYR__NH2-ARG,0.288825284648175,0.288825284648175
219,OG1-THR__NZ-LYS,0.2886297610126362,0.2886297610126362
220,CB-ILE__CG-LEU,0.28849372092361003,0.28849372092361003
221,CE1-TYR__CB-TYR,0.2881564108327289,0.2881564108327289
222,CE-LYS__ND2-ASN,0.28815420055362906,0.28815420055362906
223,O-GLY__O-THR,0.28759700732384685,0.28759700732384685
224,O-ASP__OH-TYR,0.2871216743913203,0.2871216743913203
225,SG-CYS__CD2-HID,0.2868927102489687,0.2868927102489687
226,NH1-ARG__OD1-ASN,0.2863228337359869,0.2863228337359869
227,NE2-GLN__OG-SER,0.2860901728273557,0.2860901728273557
228,OH-TYR__CG2-VAL,0.2860104693943049,0.2860104693943049
229,CB-ALA__CG-PRO,0.2858998532939151,0.2858998532939151
230,CB-VAL__CB-THR,0.2842080988172381,0.2842080988172381
231,ND2-ASN__NH2-ARG,0.284189972870214,0.284189972870214
232,CG-LYS__OD1-ASP,0.2840276645600631,0.2840276645600631
233,CZ-PHE__N-ALA,-0.2833474850892773,0.2833474850892773
234,OG-SER__OE1-GLU,0.2824725520254531,0.2824725520254531
235,OE1-GLU__CG-LYS,0.28134719413810205,0.28134719413810205
236,CB-TYR__CA-GLY,0.28116661380059993,0.28116661380059993
237,OD2-ASP__NE-ARG,0.281072083654503,0.281072083654503
238,CG2-THR__CA-GLY,0.28047623474635514,0.28047623474635514
239,CG-LEU__CE3-TRP,0.2799763701076877,0.2799763701076877
240,C-CYS__O-GLY,0.27993512853075736,0.27993512853075736
241,CB-PHE__CA-GLY,0.2791244437772548,0.2791244437772548
242,CB-GLN__CB-LEU,0.2789617880958579,0.2789617880958579
243,O-VAL__NE-ARG,0.2782389911369088,0.2782389911369088
244,CH2-TRP__CD-GLN,0.27777879242515346,0.27777879242515346
245,CG2-THR__CE1-PHE,0.2771827817899777,0.2771827817899777
246,CZ-TYR__CB-TYR,-0.2770823260734717,0.2770823260734717
247,CD1-LEU__CD2-LEU,0.2764009934755998,0.2764009934755998
248,CZ-TYR__CG-ASN,0.2754869722877886,0.2754869722877886
249,NH1-ARG__OE1-GLN,0.2750330863325723,0.2750330863325723
250,OD2-ASP__CE2-TYR,0.27478160211897185,0.27478160211897185
251,OD1-ASP__OH-TYR,0.2742751504688963,0.2742751504688963
252,OH-TYR__NH2-ARG,0.2738700884450389,0.2738700884450389
253,CA-CYS__CG-GLU,-0.2738431261128239,0.2738431261128239
254,CB-HID__O-GLY,0.2738344272679157,0.2738344272679157
255,NH1-ARG__ND2-ASN,0.2736289332291905,0.2736289332291905
256,CG2-THR__CD1-ILE,0.2723078157862366,0.2723078157862366
257,CB-ALA__CA-MET,0.2715045190538322,0.2715045190538322
258,OE1-GLN__NH2-ARG,0.2712177676834437,0.2712177676834437
259,CG2-THR__OD2-ASP,0.2711749492764447,0.2711749492764447
260,C-CYS__CA-TRP,0.2711310780455745,0.2711310780455745
261,OD1-ASN__CG2-THR,0.27106910230677866,0.27106910230677866
262,NE2-HID__CE1-PHE,0.2710321792700048,0.2710321792700048
263,NH1-ARG__CD-LYS,0.27064318457160097,0.27064318457160097
264,CD1-LEU__CE-MET,0.2706187073694913,0.2706187073694913
265,SG-CYS__CE1-HID,0.2704941568957862,0.2704941568957862
266,CG2-THR__CZ-PHE,0.270433835867311,0.270433835867311
267,CB-SER__NZ-LYS,0.2698535639188899,0.2698535639188899
268,CD-GLN__O-PHE,0.2697978208240577,0.2697978208240577
269,CE1-PHE__CD2-LEU,0.2697514726833091,0.2697514726833091
270,CA-VAL__CB-ILE,0.2697116413676309,0.2697116413676309
271,CG2-THR__CE1-TYR,0.26925033833634177,0.26925033833634177
272,CD2-LEU__ND2-ASN,0.2684095121482543,0.2684095121482543
273,NZ-LYS__CD2-LEU,0.2680181738254045,0.2680181738254045
274,ND2-ASN__CD1-ILE,0.2666295248243523,0.2666295248243523
275,CB-HID__CA-GLY,0.2662318478289828,0.2662318478289828
276,CE-LYS__CB-ALA,0.26600953398160754,0.26600953398160754
277,OH-TYR__CD-GLU,0.2657346946862992,0.2657346946862992
278,O-PRO__O-GLY,0.2655955344465707,0.2655955344465707
279,CA-ALA__N-GLY,0.2644148337764216,0.2644148337764216
280,OD1-ASN__NZ-LYS,0.26353691113208033,0.26353691113208033
281,ND2-ASN__OE1-GLN,0.2627679822328077,0.2627679822328077
282,O-LEU__CA-GLY,-0.2623078740602916,0.2623078740602916
283,CG-LEU__CE-MET,0.2622095647624993,0.2622095647624993
284,CZ-TYR__NZ-LYS,0.26217920925596605,0.26217920925596605
285,CB-ASP__OH-TYR,0.26209341532124897,0.26209341532124897
286,CG-LEU__CA-LYS,-0.2615682686974815,0.2615682686974815
287,OE2-GLU__N-GLU,-0.2613456323728335,0.2613456323728335
288,OH-TYR__NE-ARG,0.2613134241340184,0.2613134241340184
289,NZ-LYS__NZ-LYS,0.2610829268653917,0.2610829268653917
290,OG1-THR__CA-GLY,0.2610570077665398,0.2610570077665398
291,NE-ARG__OE2-GLU,0.2607632198085552,0.2607632198085552
292,OG-SER__NZ-LYS,0.2605686802384337,0.2605686802384337
293,CE1-TYR__CD1-LEU,0.260485626353292,0.260485626353292
294,CB-ALA__CA-ALA,0.26042720249904644,0.26042720249904644
295,NE2-GLN__CB-ALA,0.2601283911402993,0.2601283911402993
296,O-PRO__CD2-PHE,0.2599432646328021,0.2599432646328021
297,O-TYR__O-ASN,0.2598551863726823,0.2598551863726823
298,OD2-ASP__OD2-ASP,0.2594859257836825,0.2594859257836825
299,N-VAL__O-ARG,0.25934062654849266,0.25934062654849266
300,OH-TYR__OG-SER,0.25910146288142233,0.25910146288142233
301,OE1-GLU__O-GLY,0.2579415694425709,0.2579415694425709
302,OD2-ASP__CG2-VAL,0.2575712669770732,0.2575712669770732
303,N-ASP__CE-LYS,0.2575606037910733,0.2575606037910733
304,CG1-VAL__OD2-ASP,0.25753267419219633,0.25753267419219633
305,CG2-THR__C-TRP,0.2573540312445908,0.2573540312445908
306,CA-PRO__O-LEU,-0.2572784885442174,0.2572784885442174
307,N-ARG__O-PHE,0.2571092670974378,0.2571092670974378
308,CD1-LEU__CZ3-TRP,0.2569641526745892,0.2569641526745892
309,NZ-LYS__O-GLY,0.25655515636939985,0.25655515636939985
310,O-CYS__C-TRP,0.2565481704081204,0.2565481704081204
311,CA-GLU__CE-LYS,0.2564050713593781,0.2564050713593781
312,N-GLY__ND2-ASN,0.2561595770783439,0.2561595770783439
313,N-ASP__CG-PHE,-0.2556465094351401,0.2556465094351401
314,CA-PHE__CZ-PHE,0.2553461479031145,0.2553461479031145
315,CG-HID__CZ-PHE,0.2550224094621737,0.2550224094621737
316,ND2-ASN__O-ILE,0.2547336857372752,0.2547336857372752
317,C-GLU__CA-ARG,0.2546359473482344,0.2546359473482344
318,CG-LYS__O-VAL,-0.2545252743174972,0.2545252743174972
319,CG2-ILE__CD1-ILE,0.2537349410885308,0.2537349410885308
320,N-PRO__CH2-TRP,0.2534864822906678,0.2534864822906678
321,C-PHE__CE1-PHE,0.25345273204727337,0.25345273204727337
322,OE1-GLU__OE1-GLU,0.2533130888413869,0.2533130888413869
323,OH-TYR__CG-GLU,0.25323716069035485,0.25323716069035485
324,O-PRO__OH-TYR,0.25314513781908576,0.25314513781908576
325,CB-SER__OE2-GLU,0.2530171492504245,0.2530171492504245
326,ND2-ASN__O-GLY,0.2529303586630713,0.2529303586630713
327,OD2-ASP__OG1-THR,0.25283283185011896,0.25283283185011896
328,O-GLN__N-PRO,-0.25279992810363283,0.25279992810363283
329,C-CYS__N-GLY,0.2516436300535933,0.2516436300535933
330,CA-GLY__NE1-TRP,0.2511873887195453,0.2511873887195453
331,CB-TRP__CA-PRO,0.2511528177513076,0.2511528177513076
332,N-GLY__SG-CYS,0.2511166964061163,0.2511166964061163
333,N-VAL__CA-LEU,-0.2509762267609982,0.2509762267609982
334,NE2-GLN__OG1-THR,0.2505005277665017,0.2505005277665017
335,NZ-LYS__O-SER,0.25048653916237723,0.25048653916237723
336,CG-ASP__NE-ARG,0.25043523236545,0.25043523236545
337,CB-VAL__CA-VAL,0.2503795067560347,0.2503795067560347
338,CD1-ILE__OD2-ASP,0.250035983517789,0.250035983517789
339,N-HID__CD2-HID,-0.24992290086426774,0.24992290086426774
340,NE2-GLN__OH-TYR,0.24961833011418696,0.24961833011418696
341,OE2-GLU__OD1-ASP,0.2494870452058863,0.2494870452058863
342,OD1-ASN__OE2-GLU,0.2494312684755957,0.2494312684755957
343,ND2-ASN__OH-TYR,0.24940996171038315,0.24940996171038315
344,CE2-PHE__NH1-ARG,0.24831976099626404,0.24831976099626404
345,CE2-TYR__OD1-ASN,0.24817862308640426,0.24817862308640426
346,CG-LYS__O-LEU,-0.24761332694634694,0.24761332694634694
347,NZ-LYS__CE1-TYR,0.2472635529970969,0.2472635529970969
348,CG-PHE__CD1-ILE,0.24714416149499066,0.24714416149499066
349,CZ2-TRP__CA-GLY,0.2470835543030985,0.2470835543030985
350,CD1-LEU__OH-TYR,0.2469450977513011,0.2469450977513011
351,CA-GLY__ND2-ASN,0.246744273778766,0.246744273778766
352,OE2-GLU__CG-HID,0.24667547708503595,0.24667547708503595
353,CG-LYS__CB-SER,0.2465449286182416,0.2465449286182416
354,CG2-THR__NE2-GLN,0.24646445802886485,0.24646445802886485
355,NE-ARG__OD1-ASP,0.2461982679394377,0.2461982679394377
356,NH2-ARG__CG2-VAL,0.2461795613791496,0.2461795613791496
357,CB-MET__CB-PHE,0.2461610123129292,0.2461610123129292
358,CE-MET__N-TRP,-0.24610210363305185,0.24610210363305185
359,CG-LYS__CG-ASP,0.2460879921583785,0.2460879921583785
360,CG2-ILE__CG2-VAL,0.2460665571899632,0.2460665571899632
361,CB-VAL__CG-TYR,0.2460317428786548,0.2460317428786548
362,CD-ARG__CG-GLU,0.24592953334967965,0.24592953334967965
363,NZ-LYS__CG2-ILE,0.245704065447806,0.245704065447806
364,NZ-LYS__N-GLU,0.2454602966421847,0.2454602966421847
365,CD2-LEU__CD2-LEU,0.24533743699105756,0.24533743699105756
366,OE2-GLU__CG2-THR,0.2447477077681399,0.2447477077681399
367,O-GLY__O-GLY,0.2446785716917243,0.2446785716917243
368,ND2-ASN__OG-SER,0.2446421060506624,0.2446421060506624
369,OE2-GLU__O-ASP,0.2443003975162225,0.2443003975162225
370,O-VAL__CB-ILE,0.24426378115068914,0.24426378115068914
371,CB-PHE__CA-ILE,0.24390201274238174,0.24390201274238174
372,CG-ASP__CG-ARG,0.2438238180611355,0.2438238180611355
373,CE1-HID__OG-SER,0.24348294775118,0.24348294775118
374,C-ALA__CA-GLY,0.24339507419016004,0.24339507419016004
375,CZ2-TRP__CB-PRO,0.24295310464254405,0.24295310464254405
376,SG-CYS__O-GLU,-0.2426404547476078,0.2426404547476078
377,N-SER__C-THR,-0.2424894911675851,0.2424894911675851
378,NE1-TRP__O-SER,0.24242718319863005,0.24242718319863005
379,C-TRP__C-CYS,0.2423522469946941,0.2423522469946941
380,OD2-ASP__CB-ALA,0.24218705152573644,0.24218705152573644
381,CB-TYR__NH2-ARG,0.24170089750940105,0.24170089750940105
382,CE1-TYR__CG2-VAL,0.2416797762765465,0.2416797762765465
383,CB-ALA__CD1-ILE,0.2408347831268891,0.2408347831268891
384,CE2-TRP__C-TRP,0.24079362935532256,0.24079362935532256
385,CG2-THR__NH1-ARG,0.24071686575686685,0.24071686575686685
386,CB-ILE__C-THR,0.2406034595236192,0.2406034595236192
387,OG-SER__OD2-ASP,0.2404437176515589,0.2404437176515589
388,CA-LEU__OG-SER,-0.2401935189238049,0.2401935189238049
389,CD2-LEU__O-LEU,0.2400646356144161,0.2400646356144161
390,SD-MET__CD1-LEU,0.23994016028160395,0.23994016028160395
391,CB-ALA__N-TYR,0.2396556044662344,0.2396556044662344
392,CB-ALA__NH1-ARG,0.2394829654343408,0.2394829654343408
393,CB-ASN__OH-TYR,0.2394372416576868,0.2394372416576868
394,CD-PRO__O-PRO,-0.2394303591771465,0.2394303591771465
395,CE1-TYR__CD-ARG,0.2393590761913184,0.2393590761913184
396,CZ-TYR__CE-LYS,0.23930559911560526,0.23930559911560526
397,O-PHE__NE2-GLN,0.2389858337662257,0.2389858337662257
398,CA-SER__CB-ALA,0.2386693471898775,0.2386693471898775
399,N-GLY__NZ-LYS,0.2386124487857533,0.2386124487857533
400,CE2-TYR__OE1-GLU,0.2385809233930037,0.2385809233930037
401,O-VAL__ND2-ASN,0.23828901663814014,0.23828901663814014
402,OH-TYR__CD-ARG,0.2381875709601185,0.2381875709601185
403,CZ-PHE__CG2-ILE,0.2381517361810465,0.2381517361810465
404,C-GLY__C-ALA,0.23789871255439216,0.23789871255439216
405,CB-ALA__OE2-GLU,0.23746392572032135,0.23746392572032135
406,N-ASN__ND2-ASN,0.2373914048829519,0.2373914048829519
407,CG2-VAL__NZ-LYS,0.2372977435959757,0.2372977435959757
408,OH-TYR__CG1-VAL,0.2372091269214123,0.2372091269214123
409,CD-PRO__NH2-ARG,0.2366994549738869,0.2366994549738869
410,N-LYS__CD-LYS,-0.2366685118608551,0.2366685118608551
411,CE2-TYR__CG-LYS,0.2361720126610661,0.2361720126610661
412,N-ARG__NH2-ARG,-0.23605332429935594,0.23605332429935594
413,N-CYS__CG-GLU,-0.2359902814622403,0.2359902814622403
414,O-LYS__CA-VAL,-0.2358585799365252,0.2358585799365252
415,CA-HID__SG-CYS,0.2357344457810687,0.2357344457810687
416,OG-SER__CD1-ILE,0.2354611993461704,0.2354611993461704
417,N-GLY__CD-ARG,0.2354254650045421,0.2354254650045421
418,CA-MET__N-VAL,-0.2350865364519931,0.2350865364519931
419,NE2-GLN__NH1-ARG,0.23497223883763535,0.23497223883763535
420,CE2-PHE__N-PHE,0.2349337847149349,0.2349337847149349
421,CD1-ILE__CE-MET,0.23492313180983584,0.23492313180983584
422,NE2-HID__CZ-PHE,0.2348149077433925,0.2348149077433925
423,CB-PRO__CA-TRP,0.2348073403153807,0.2348073403153807
424,NE-ARG__N-LYS,-0.2346709082984287,0.2346709082984287
425,CZ-PHE__CD2-LEU,0.2344871675701461,0.2344871675701461
426,CB-ARG__CA-THR,0.2343196278392061,0.2343196278392061
427,CB-ALA__CG2-VAL,0.2342792786405315,0.2342792786405315
428,CZ-TYR__OD2-ASP,0.23416327927423106,0.23416327927423106
429,CA-CYS__C-GLY,0.2333107101134275,0.2333107101134275
430,CA-TYR__CB-ALA,0.23255481836765304,0.23255481836765304
431,CH2-TRP__NE2-GLN,0.2322471943866821,0.2322471943866821
432,CB-ASN__CG-GLN,0.2321827250428126,0.2321827250428126
433,CD1-PHE__CD1-LEU,0.2318643203826969,0.2318643203826969
434,CA-GLY__CD1-TYR,0.23184894272497994,0.23184894272497994
435,NE2-HID__CG2-ILE,0.23180249351684426,0.23180249351684426
436,CE-MET__CD2-LEU,0.23178869908801644,0.23178869908801644
437,O-THR__O-PHE,0.2316791429250165,0.2316791429250165
438,CZ3-TRP__CB-ALA,0.23156510012103546,0.23156510012103546
439,CG2-THR__NE2-HID,0.2312684780352425,0.2312684780352425
440,OG-SER__NH2-ARG,0.2310647201356647,0.2310647201356647
441,O-VAL__OE1-GLN,0.2307557243361103,0.2307557243361103
442,NH2-ARG__NE2-GLN,0.23065919721692565,0.23065919721692565
443,CD1-LEU__OD2-ASP,0.23058663768586324,0.23058663768586324
444,CA-PRO__NE1-TRP,-0.23054036411778656,0.23054036411778656
445,C-PHE__CB-PHE,-0.2305097935451157,0.2305097935451157
446,OD2-ASP__CD-GLU,0.2302965673895043,0.2302965673895043
447,NH2-ARG__CB-LYS,0.2302770671236456,0.2302770671236456
448,CG-LEU__C-TYR,-0.2297074236006119,0.2297074236006119
449,CA-ASP__CD2-LEU,-0.22963471020758397,0.22963471020758397
450,ND2-ASN__CD1-LEU,0.2296342391445405,0.2296342391445405
451,CB-MET__C-VAL,-0.22944941258050705,0.22944941258050705
452,CE-MET__NZ-LYS,0.22940265433110366,0.22940265433110366
453,CD2-HID__NH2-ARG,0.2293034971517081,0.2293034971517081
454,NE2-GLN__OD2-ASP,0.2291638842614479,0.2291638842614479
455,CG-LYS__C-HID,-0.22900299111229594,0.22900299111229594
456,NZ-LYS__CG1-VAL,0.2289791084781967,0.2289791084781967
457,CD-GLN__CG-ASN,0.2285904426099004,0.2285904426099004
458,CG1-VAL__CD1-ILE,0.22847679562098624,0.22847679562098624
459,OG-SER__CG2-VAL,0.2283252511338002,0.2283252511338002
460,OH-TYR__CB-ALA,0.2281861860220218,0.2281861860220218
461,O-GLY__N-GLY,0.2281617238761916,0.2281617238761916
462,CB-ASN__OD1-ASN,0.2279313259071988,0.2279313259071988
463,NH2-ARG__CG-PRO,0.22792172583237535,0.22792172583237535
464,OE1-GLU__OD1-ASN,0.2278279842939913,0.2278279842939913
465,NH2-ARG__O-GLU,0.22774389746301035,0.22774389746301035
466,CA-MET__CG1-ILE,0.2276863058918261,0.2276863058918261
467,C-ALA__CB-SER,-0.2276534333696461,0.2276534333696461
468,CG-PHE__CD2-PHE,-0.22761728713392415,0.22761728713392415
469,C-ARG__CG-GLU,0.2273317309605328,0.2273317309605328
470,CB-ALA__NZ-LYS,0.22715351470808706,0.22715351470808706
471,OD1-ASP__OG-SER,0.2269747760952567,0.2269747760952567
472,CA-LYS__OG-SER,0.2265194671992634,0.2265194671992634
473,OD1-ASN__CZ-ARG,0.22633071643103855,0.22633071643103855
474,C-ILE__ND2-ASN,-0.2262365942174199,0.2262365942174199
475,CB-ALA__OD1-ASN,0.22607890243231304,0.22607890243231304
476,O-GLY__OG-SER,0.2260639591669224,0.2260639591669224
477,OD2-ASP__OD1-ASN,0.2260484088447096,0.2260484088447096
478,CA-GLY__O-VAL,0.22602839928912555,0.22602839928912555
479,O-ALA__OH-TYR,0.22599003275328025,0.22599003275328025
480,NH2-ARG__CD1-LEU,0.2259032250502468,0.2259032250502468
481,CA-ALA__CB-GLN,0.2257488899360147,0.2257488899360147
482,C-ASP__O-GLY,-0.22552296901408345,0.22552296901408345
483,CE1-HID__C-HID,0.2255223395406845,0.2255223395406845
484,OD2-ASP__CA-GLU,-0.22540319544855866,0.22540319544855866
485,CG-GLU__CB-CYS,-0.22539025255172676,0.22539025255172676
486,CB-TYR__CA-ALA,0.2253129052565343,0.2253129052565343
487,CB-THR__NZ-LYS,0.2252288915212169,0.2252288915212169
488,OD1-ASN__CE1-TYR,0.22510392546050967,0.22510392546050967
489,CD-GLU__N-ILE,-0.2248540996193667,0.2248540996193667
490,OG-SER__CB-TYR,0.22459343313316346,0.22459343313316346
491,NH2-ARG__N-GLY,0.2244725034627645,0.2244725034627645
492,O-GLY__CB-ALA,0.22432065314302424,0.22432065314302424
493,N-ARG__CB-ILE,0.2242216036963716,0.2242216036963716
494,CZ-PHE__CD2-HID,0.22415694638424435,0.22415694638424435
495,CD2-LEU__CA-LYS,-0.2237007650635679,0.2237007650635679
496,O-CYS__CA-GLY,0.22360012157008274,0.22360012157008274
497,OD1-ASP__CD1-LEU,0.22355803128620735,0.22355803128620735
498,OE2-GLU__O-ASN,0.2234066526321471,0.2234066526321471
499,OE1-GLU__CD2-TYR,0.22333942617465108,0.22333942617465108
500,CH2-TRP__CG2-THR,0.22332530783231727,0.22332530783231727
501,CG-LYS__CB-THR,-0.22306138749380156,0.22306138749380156
502,CA-GLU__CA-ARG,0.22272295534054345,0.22272295534054345
503,OG-SER__CE2-TYR,0.22267040251988052,0.22267040251988052
504,C-HID__CB-LYS,-0.22259277854964216,0.22259277854964216
505,CD-GLN__CZ-ARG,0.2225178424946696,0.2225178424946696
506,CD2-TYR__CD1-ILE,0.22249741790903405,0.22249741790903405
507,OH-TYR__CB-GLU,0.22246357195362165,0.22246357195362165
508,ND2-ASN__CB-ASN,0.22238236367061606,0.22238236367061606
509,CE2-TYR__CG2-ILE,0.2223043737140583,0.2223043737140583
510,CB-PRO__NH2-ARG,0.22222957537041427,0.22222957537041427
511,CG1-VAL__OD1-ASN,0.2219938251094241,0.2219938251094241
512,CB-TYR__CA-ILE,0.22194347122160665,0.22194347122160665
513,CD2-TRP__CA-PRO,0.22141110602889325,0.22141110602889325
514,CA-ILE__N-LEU,-0.22107510505767566,0.22107510505767566
515,CA-TYR__CB-MET,0.22105185219737986,0.22105185219737986
516,CZ-ARG__CZ-TYR,0.22095019148870187,0.22095019148870187
517,CG-ARG__CA-MET,-0.22065094010955988,0.22065094010955988
518,OH-TYR__OG1-THR,0.2206480914974022,0.2206480914974022
519,C-LEU__CD-ARG,-0.2205384556886019,0.2205384556886019
520,N-THR__CG2-VAL,0.2203762349171658,0.2203762349171658
521,OE1-GLU__N-GLU,-0.22035110129960228,0.22035110129960228
522,CB-ALA__C-MET,0.22025485582725995,0.22025485582725995
523,CB-ARG__NH1-ARG,-0.22020429282097148,0.22020429282097148
524,CB-GLU__NE-ARG,0.22016007252229508,0.22016007252229508
525,CD1-LEU__CD2-PHE,0.2201542504430176,0.2201542504430176
526,OH-TYR__CD-PRO,0.22011895021746708,0.22011895021746708
527,CD-GLU__C-ASP,-0.21996212339181992,0.21996212339181992
528,CD-GLU__CZ-TYR,0.21992608052365772,0.21992608052365772
529,CG-LYS__CA-ALA,-0.2198502957565714,0.2198502957565714
530,NH2-ARG__CD-GLN,0.21975934639469,0.21975934639469
531,C-ALA__CD-LYS,-0.21963565131886187,0.21963565131886187
532,O-GLY__CA-LEU,-0.21957877887691596,0.21957877887691596
533,CB-LYS__OH-TYR,0.21955384028599667,0.21955384028599667
534,O-ASN__CG-MET,-0.2194485389071843,0.2194485389071843
535,CE-LYS__NH2-ARG,0.2194346543947464,0.2194346543947464
536,CG-ASP__CA-VAL,-0.21922198801019785,0.21922198801019785
537,CB-ALA__CB-PHE,0.21913938024459206,0.21913938024459206
538,OD2-ASP__ND2-ASN,0.21905840532694346,0.21905840532694346
539,CD2-LEU__NH2-ARG,0.21905379471075065,0.21905379471075065
540,NZ-LYS__CB-PRO,0.21902492438095106,0.21902492438095106
541,CG-LEU__CA-ASP,-0.2189580153300368,0.2189580153300368
542,NH1-ARG__CD2-LEU,0.2189184758708456,0.2189184758708456
543,CE1-TYR__CD1-ILE,0.2188257370359568,0.2188257370359568
544,CD-ARG__N-ILE,-0.21879781356811692,0.21879781356811692
545,ND2-ASN__CZ2-TRP,0.2187526269737163,0.2187526269737163
546,O-GLN__CG-PRO,0.21868629666226808,0.21868629666226808
547,CD1-LEU__CG2-THR,0.21857429016073765,0.21857429016073765
548,C-ASN__CD1-ILE,-0.21835132074273292,0.21835132074273292
549,CG2-VAL__OE1-GLN,0.21833939613046116,0.21833939613046116
550,N-PRO__CD1-LEU,0.21832246565928864,0.21832246565928864
551,CB-SER__C-LEU,-0.21822462855442326,0.21822462855442326
552,OE2-GLU__N-HID,-0.21805925693956746,0.21805925693956746
553,CB-ASN__CA-ARG,0.21773230192457693,0.21773230192457693
554,O-PHE__NH2-ARG,0.2177045051358325,0.2177045051358325
555,NH2-ARG__OD1-ASN,0.21729824461571653,0.21729824461571653
556,CG-TYR__C-ARG,0.21719333276604594,0.21719333276604594
557,CG-HID__CA-GLY,0.2169624625250832,0.2169624625250832
558,OD1-ASP__N-ASP,-0.21695715400433635,0.21695715400433635
559,CG1-VAL__ND2-ASN,0.21690472966113244,0.21690472966113244
560,CA-ALA__CB-ILE,0.2168334091512908,0.2168334091512908
561,CG1-VAL__C-ALA,0.21681224657847495,0.21681224657847495
562,CB-ASN__O-GLY,0.21680082463036854,0.21680082463036854
563,OE2-GLU__CD1-LEU,0.2166727127257575,0.2166727127257575
564,ND2-ASN__CG2-THR,0.21654715675661124,0.21654715675661124
565,OD1-ASN__CG-PRO,0.21632156655265672,0.21632156655265672
566,CD-GLN__N-GLN,-0.21619795316271084,0.21619795316271084
567,OH-TYR__CD1-ILE,0.21588787178488275,0.21588787178488275
568,C-GLY__N-ILE,-0.2157453133608669,0.2157453133608669
569,CH2-TRP__CG2-ILE,0.2156946008758956,0.2156946008758956
570,O-TRP__CB-SER,0.21541651016905497,0.21541651016905497
571,N-GLY__OH-TYR,0.21498467275103306,0.21498467275103306
572,O-ALA__N-VAL,0.214958099076317,0.214958099076317
573,CG-ASP__CA-GLY,-0.21479850973985745,0.21479850973985745
574,CG2-ILE__C-THR,0.2147766233704896,0.2147766233704896
575,O-ARG__CB-GLU,0.21473653127201173,0.21473653127201173
576,CB-LYS__C-ASN,-0.2147239353879493,0.2147239353879493
577,N-TYR__CD2-TYR,-0.2147117228297853,0.2147117228297853
578,O-ARG__OD1-ASN,0.2146835582222384,0.2146835582222384
579,CG-ASN__CB-ASN,0.21455630460414168,0.21455630460414168
580,NZ-LYS__O-ALA,0.21451114122967785,0.21451114122967785
581,CA-GLY__CD-LYS,0.2145012120902506,0.2145012120902506
582,CG2-VAL__NH1-ARG,0.2141475967325644,0.2141475967325644
583,OD2-ASP__NH2-ARG,-0.21399871674873328,0.21399871674873328
584,CD2-PHE__N-ILE,-0.21373547348500985,0.21373547348500985
585,N-VAL__C-LEU,-0.21360810862293805,0.21360810862293805
586,O-GLU__OH-TYR,0.21356714190439824,0.21356714190439824
587,OG-SER__CG-PRO,0.21304577225533133,0.21304577225533133
588,CG-LEU__CD2-LEU,0.21303408675778596,0.21303408675778596
589,C-GLY__CE1-TYR,0.21302462418749668,0.21302462418749668
590,O-TYR__CB-ARG,0.2126320496912381,0.2126320496912381
591,ND2-ASN__CB-ALA,0.2124814971453524,0.2124814971453524
592,N-ILE__CZ-PHE,-0.2124723244611965,0.2124723244611965
593,O-GLU__CG-LEU,-0.21219210546042824,0.21219210546042824
594,OE2-GLU__OG-SER,0.21212401215111065,0.21212401215111065
595,NE2-HID__O-GLY,0.21209142161168187,0.21209142161168187
596,O-TRP__NH1-ARG,0.21207215642309116,0.21207215642309116
597,OD2-ASP__CD2-LEU,0.21182025372710264,0.21182025372710264
598,CD2-HID__OH-TYR,0.2117347261665908,0.2117347261665908
599,CG-GLU__OE2-GLU,0.21161954115394632,0.21161954115394632
600,O-GLY__CA-ILE,-0.211617367445556,0.211617367445556
601,N-GLN__CB-LYS,-0.2115570670937449,0.2115570670937449
602,CG2-THR__CG2-THR,0.211545241833508,0.211545241833508
603,CG-TYR__CB-LYS,-0.21153703811533348,0.21153703811533348
604,CD-GLN__ND2-ASN,0.21110191828214786,0.21110191828214786
605,OD2-ASP__C-VAL,-0.21104340201972985,0.21104340201972985
606,CD1-LEU__NH1-ARG,0.21100508361720047,0.21100508361720047
607,N-ASP__CD2-PHE,-0.21097925165042525,0.21097925165042525
608,CB-LEU__CB-ILE,0.21075828219541048,0.21075828219541048
609,CB-ASN__CD2-LEU,0.21071943144580416,0.21071943144580416
610,N-MET__CG2-VAL,-0.21052659549210329,0.21052659549210329
611,OD1-ASN__NE2-GLN,0.21043715540146898,0.21043715540146898
612,C-CYS__CG-PRO,0.2102910457809582,0.2102910457809582
613,CG1-VAL__CG1-VAL,0.20956802315245607,0.20956802315245607
614,CA-ALA__CA-GLY,0.20956483623342126,0.20956483623342126
615,C-LEU__N-LEU,-0.2095543444104227,0.2095543444104227
616,N-CYS__CB-THR,-0.20941212512328786,0.20941212512328786
617,CG-LEU__NH2-ARG,0.20908557417391668,0.20908557417391668
618,NE1-TRP__CZ3-TRP,0.20904840022381752,0.20904840022381752
619,CD1-PHE__CD2-LEU,0.20904324084724832,0.20904324084724832
620,SG-CYS__N-PHE,0.20899997844902496,0.20899997844902496
621,CG2-THR__N-GLU,0.2089355756465004,0.2089355756465004
622,O-THR__OH-TYR,0.20873278110820573,0.20873278110820573
623,C-LYS__N-VAL,-0.20865388493157375,0.20865388493157375
624,OH-TYR__CB-SER,0.20861873862211988,0.20861873862211988
625,CA-ILE__O-SER,-0.20846237773783508,0.20846237773783508
626,C-CYS__CD2-TYR,-0.20844977227566755,0.20844977227566755
627,OE1-GLU__N-LEU,-0.20843427337734816,0.20843427337734816
628,CG-GLU__OE1-GLU,0.20835139382769566,0.20835139382769566
629,CB-PRO__CH2-TRP,0.20812755942257527,0.20812755942257527
630,N-THR__SG-CYS,-0.20806237490285265,0.20806237490285265
631,O-ASP__CB-MET,0.20777344578376108,0.20777344578376108
632,CA-ALA__CD-GLN,-0.2077415650793656,0.2077415650793656
633,OG-SER__CB-ASP,0.20755322999835407,0.20755322999835407
634,CG2-ILE__OD1-ASN,0.20754221035161172,0.20754221035161172
635,CG2-VAL__CB-HID,-0.2074690677086453,0.2074690677086453
636,CB-MET__CG1-VAL,-0.2072633193003646,0.2072633193003646
637,CD1-LEU__CG-PRO,0.2072380792037741,0.2072380792037741
638,CE1-PHE__CG-LEU,0.20719366829523247,0.20719366829523247
639,O-GLU__CA-ILE,-0.2071263519397145,0.2071263519397145
640,CG-PRO__ND2-ASN,0.2070858613469196,0.2070858613469196
641,CZ-PHE__ND1-HID,0.2070008067043236,0.2070008067043236
642,OD2-ASP__CB-VAL,0.20683807172938126,0.20683807172938126
643,CZ-TYR__N-TYR,-0.2067725622916755,0.2067725622916755
644,C-MET__NE-ARG,-0.20642902360963603,0.20642902360963603
645,CG1-VAL__NH2-ARG,0.206406119347586,0.206406119347586
646,CE2-TYR__CB-PRO,0.20624494658961864,0.20624494658961864
647,CZ-TYR__CG-PRO,0.20624143071222206,0.20624143071222206
648,CG2-THR__CD-PRO,0.20615557815593435,0.20615557815593435
649,CG-ASN__CZ-ARG,0.2060989100936336,0.2060989100936336
650,O-GLY__SG-CYS,0.20608555394304984,0.20608555394304984
651,CG2-VAL__NE2-GLN,0.20605474173920507,0.20605474173920507
652,CG2-THR__CE2-TYR,0.2059996034258508,0.2059996034258508
653,CD-PRO__CH2-TRP,0.20599470068628206,0.20599470068628206
654,N-ARG__OD1-ASN,0.20594744012460486,0.20594744012460486
655,OG-SER__CD2-TYR,0.20590134029805865,0.20590134029805865
656,OE1-GLU__CB-PRO,0.20581432153326906,0.20581432153326906
657,N-LEU__CA-VAL,-0.20581216737641692,0.20581216737641692
658,CB-ALA__NH2-ARG,0.2056625145797992,0.2056625145797992
659,OD1-ASP__CD-ARG,0.20553984064290526,0.20553984064290526
660,CB-ALA__CG1-VAL,0.20538350995485985,0.20538350995485985
661,CD-LYS__CA-ASP,0.20516968702156874,0.20516968702156874
662,OD1-ASN__CA-GLY,0.2051627893025354,0.2051627893025354
663,OH-TYR__CG-TYR,0.2051147609039382,0.2051147609039382
664,C-ASN__CB-THR,-0.2050448299806832,0.2050448299806832
665,O-THR__NE2-GLN,0.20494382387395327,0.20494382387395327
666,OE1-GLU__CB-ALA,0.2048866318977688,0.2048866318977688
667,CB-TYR__CB-TYR,0.2048514702297196,0.2048514702297196
668,CA-MET__CB-PHE,0.2045060742016052,0.2045060742016052
669,CD1-LEU__CG-MET,0.20439665823688088,0.20439665823688088
670,CE-LYS__N-GLU,0.2043364565276816,0.2043364565276816
671,O-ARG__C-GLU,0.20429812978995487,0.20429812978995487
672,O-TRP__CG2-ILE,-0.20429623255485047,0.20429623255485047
673,OE2-GLU__CB-ASN,0.20426355275240696,0.20426355275240696
674,OH-TYR__CG-LEU,0.20408446708715794,0.20408446708715794
675,O-THR__NZ-LYS,0.2040736426237006,0.2040736426237006
676,NE2-GLN__CG1-VAL,0.20406538562494966,0.20406538562494966
677,CA-GLY__NE2-GLN,0.20393143288358434,0.20393143288358434
678,CB-MET__N-TRP,0.2038610658010704,0.2038610658010704
679,O-ALA__CE-MET,0.20376878881060645,0.20376878881060645
680,O-ARG__O-VAL,0.20349977254167345,0.20349977254167345
681,N-THR__CB-TYR,0.20348349201021546,0.20348349201021546
682,CA-SER__CB-GLN,0.20339434002341664,0.20339434002341664
683,CD2-HID__CE2-PHE,0.20303232906737306,0.20303232906737306
684,NH1-ARG__CE-LYS,0.20300567395025268,0.20300567395025268
685,C-PHE__CG-ARG,0.20296851139693853,0.20296851139693853
686,CA-GLU__NZ-LYS,0.2028860236287888,0.2028860236287888
687,CA-ILE__CB-THR,0.2028184198160852,0.2028184198160852
688,O-PHE__CZ-PHE,-0.20280055673521724,0.20280055673521724
689,C-PRO__CE2-TRP,-0.2026149151521451,0.2026149151521451
690,C-LEU__OG-SER,-0.20256527064940216,0.20256527064940216
691,CA-PHE__CA-ALA,0.20246902541275846,0.20246902541275846
692,CD2-PHE__N-PHE,0.2024390195727012,0.2024390195727012
693,CD1-TYR__OG-SER,0.2021112726834382,0.2021112726834382
694,CG-ASN__OE1-GLN,0.20200845216086832,0.20200845216086832
695,SD-MET__CZ-PHE,0.20193020243846044,0.20193020243846044
696,N-ASP__O-LYS,0.2019033020251005,0.2019033020251005
697,CE2-TRP__OD1-ASN,0.20183686942032247,0.20183686942032247
698,C-ALA__CB-VAL,0.20173968396732467,0.20173968396732467
699,N-ALA__C-GLY,0.20140717566511065,0.20140717566511065
700,OD2-ASP__CG-PRO,0.20129901709695325,0.20129901709695325
701,CD1-ILE__OE1-GLU,0.20107301633381724,0.20107301633381724
702,N-ARG__CZ-ARG,0.20089930550449486,0.20089930550449486
703,CD-ARG__CD2-TYR,0.2008595519607938,0.2008595519607938
704,OD1-ASN__N-TYR,0.2008401140483944,0.2008401140483944
705,C-GLN__CD-GLU,-0.2008326840388056,0.2008326840388056
706,N-ILE__CE1-PHE,-0.2006819253039963,0.2006819253039963
707,CG1-VAL__CG2-VAL,0.20062690109376075,0.20062690109376075
708,CE2-PHE__CG-PRO,0.20052560216265453,0.20052560216265453
709,CZ-ARG__N-ASN,0.2004851819839712,0.2004851819839712
710,O-VAL__CB-VAL,0.20045504061875408,0.20045504061875408
711,N-ALA__CB-VAL,0.2002360082955979,0.2002360082955979
712,O-GLN__CG2-ILE,0.20012586701952895,0.20012586701952895
713,CB-HID__CE2-PHE,0.2001155953555272,0.2001155953555272
714,CD-GLN__OG-SER,0.20009474268596544,0.20009474268596544
715,CG-ARG__OD2-ASP,0.19995407633282172,0.19995407633282172
716,NZ-LYS__O-GLU,0.19978054952825952,0.19978054952825952
717,CA-THR__CZ-TYR,-0.19972917982602276,0.19972917982602276
718,O-PHE__C-HID,0.199715696236172,0.199715696236172
719,CB-TYR__OE1-GLU,0.1996163061968964,0.1996163061968964
720,CE2-PHE__O-THR,0.19960692875123,0.19960692875123
721,O-GLY__OH-TYR,0.19958407978848736,0.19958407978848736
722,CG-PRO__CD1-ILE,0.1995325126544699,0.1995325126544699
723,O-LEU__C-LYS,-0.1994000119401352,0.1994000119401352
724,N-GLY__CA-CYS,0.19937043047605665,0.19937043047605665
725,ND2-ASN__OE2-GLU,0.1993090332243728,0.1993090332243728
726,CZ3-TRP__NH2-ARG,0.1990780224435028,0.1990780224435028
727,C-GLN__CG-LEU,0.19900143644207607,0.19900143644207607
728,C-ASN__CD2-TYR,-0.19885838513030635,0.19885838513030635
729,ND2-ASN__N-SER,0.19879141785222001,0.19879141785222001
730,CB-ALA__CG2-THR,0.19877638751705606,0.19877638751705606
731,NH1-ARG__N-GLY,0.1987729008882046,0.1987729008882046
732,CD1-LEU__OE1-GLN,0.19876639695352752,0.19876639695352752
733,CZ-PHE__OE1-GLU,0.19860581975082164,0.19860581975082164
734,CG-TYR__N-GLY,0.19846382148764408,0.19846382148764408
735,CD-PRO__ND2-ASN,0.19842108913017728,0.19842108913017728
736,NH2-ARG__O-PRO,0.1984124665038776,0.1984124665038776
737,CD-LYS__N-VAL,-0.19830879908841248,0.19830879908841248
738,CB-LEU__CA-ILE,0.19823844073116964,0.19823844073116964
739,O-SER__C-GLY,-0.19819254334174147,0.19819254334174147
740,NH1-ARG__O-THR,0.19810112435584729,0.19810112435584729
741,CG-ASN__O-LYS,-0.1977974221476147,0.1977974221476147
742,O-LEU__NE2-GLN,0.19777176986950146,0.19777176986950146
743,N-CYS__O-MET,0.19775925855044407,0.19775925855044407
744,CZ-TYR__CD-LYS,0.19762303767036601,0.19762303767036601
745,CG2-ILE__CD1-PHE,0.19754374445635128,0.19754374445635128
746,CD1-ILE__OE2-GLU,0.19747637232686427,0.19747637232686427
747,CD-LYS__C-SER,-0.19731686034148627,0.19731686034148627
748,CG-PRO__CE2-TYR,0.19726505786350146,0.19726505786350146
749,CB-TYR__ND2-ASN,0.1971990188230456,0.1971990188230456
750,C-VAL__CG-HID,0.19710247767082328,0.19710247767082328
751,ND2-ASN__CE1-TYR,0.19689607526988395,0.19689607526988395
752,OG1-THR__NH1-ARG,0.19667047235418933,0.19667047235418933
753,C-ILE__N-GLY,-0.19664360280318802,0.19664360280318802
754,CD1-PHE__OG-SER,0.19653225617931064,0.19653225617931064
755,CE2-PHE__CD1-ILE,0.19626691323058365,0.19626691323058365
756,C-ALA__CB-LEU,0.19625366212088566,0.19625366212088566
757,O-SER__OE1-GLN,0.1960004735281518,0.1960004735281518
758,O-GLY__CG2-THR,0.19580682970699906,0.19580682970699906
759,CD-ARG__O-GLN,-0.1957647770562848,0.1957647770562848
760,ND2-ASN__O-ALA,0.1956494081115742,0.1956494081115742
761,CG-HID__C-GLY,0.1955626918352531,0.1955626918352531
762,O-ASN__NH2-ARG,0.19518354417503253,0.19518354417503253
763,ND2-ASN__CG1-ILE,0.19517357571180088,0.19517357571180088
764,OD1-ASN__NE1-TRP,0.1951572375547642,0.1951572375547642
765,OE1-GLN__OD2-ASP,0.1949937733062874,0.1949937733062874
766,CB-ALA__CB-ALA,0.19492430957171744,0.19492430957171744
767,ND2-ASN__CZ-ARG,0.19492177932670415,0.19492177932670415
768,CD-GLU__ND2-ASN,0.19486305593749592,0.19486305593749592
769,CG2-VAL__CZ-PHE,0.1948536168813158,0.1948536168813158
770,CE1-TYR__O-GLY,0.1948491968712796,0.1948491968712796
771,CA-TRP__CB-MET,0.19481070794321506,0.19481070794321506
772,NZ-LYS__CB-GLN,0.19479336522357707,0.19479336522357707
773,CG-LEU__CG1-VAL,0.19476292404713808,0.19476292404713808
774,O-GLY__O-TYR,0.19465381197716108,0.19465381197716108
775,CH2-TRP__NH2-ARG,0.19461767344406888,0.19461767344406888
776,NZ-LYS__CD-PRO,0.19455660883669876,0.19455660883669876
777,CA-ALA__CA-ALA,0.1945310706545037,0.1945310706545037
778,N-LEU__CD-LYS,-0.19438905978748194,0.19438905978748194
779,NH2-ARG__O-THR,0.19429330188758787,0.19429330188758787
780,ND2-ASN__O-SER,0.19420837572052824,0.19420837572052824
781,CB-LYS__OD2-ASP,0.1941136617457476,0.1941136617457476
782,ND2-ASN__N-GLN,0.19405610180075225,0.19405610180075225
783,ND2-ASN__O-PHE,0.1940265526417924,0.1940265526417924
784,CE2-PHE__N-ALA,-0.193971368372701,0.193971368372701
785,C-LYS__CG-LEU,-0.19382310347735196,0.19382310347735196
786,CD2-LEU__OE2-GLU,0.1938171470641439,0.1938171470641439
787,N-ALA__CE1-PHE,-0.19380867584979194,0.19380867584979194
788,CZ-TYR__CG-LYS,0.193778651661747,0.193778651661747
789,OE2-GLU__CG1-VAL,0.19366491981896936,0.19366491981896936
790,N-VAL__CG-LYS,-0.19365570083351905,0.19365570083351905
791,CB-MET__CB-ILE,0.1936337969466398,0.1936337969466398
792,CD-ARG__CH2-TRP,0.1935578058430913,0.1935578058430913
793,CG-ARG__N-GLU,-0.1935206320252101,0.1935206320252101
794,OE1-GLU__CD-GLU,0.19347428374243145,0.19347428374243145
795,CG2-THR__OE1-GLN,0.1934479065367168,0.1934479065367168
796,CZ-PHE__CG-PRO,0.19343879133714506,0.19343879133714506
797,N-LEU__OG-SER,0.19340645905705456,0.19340645905705456
798,O-PHE__CD1-PHE,-0.19325846674691746,0.19325846674691746
799,CD2-HID__CG2-THR,0.1932401001006172,0.1932401001006172
800,NH1-ARG__NH1-ARG,0.1932237398245286,0.1932237398245286
801,CD1-LEU__N-ASP,-0.1928975486133502,0.1928975486133502
802,OH-TYR__CG-HID,0.19289710166290466,0.19289710166290466
803,OD1-ASN__CG-ASN,0.19281003413947506,0.19281003413947506
804,CE1-HID__CE1-PHE,0.19280864332463704,0.19280864332463704
805,CD-GLU__CA-ALA,-0.19274537549995285,0.19274537549995285
806,CD1-PHE__N-PRO,0.19273764774670465,0.19273764774670465
807,O-ILE__NH1-ARG,0.19267013978518685,0.19267013978518685
808,CA-TYR__CA-GLY,0.1925681183512524,0.1925681183512524
809,N-ILE__CE2-PHE,-0.1922833751429848,0.1922833751429848
810,CA-LEU__NE1-TRP,-0.1922512332987511,0.1922512332987511
811,CG-ASN__N-ASP,-0.19201705356131601,0.19201705356131601
812,CB-ALA__SD-MET,0.19191194155977112,0.19191194155977112
813,CG-PHE__CB-LYS,-0.1917711032301677,0.1917711032301677
814,C-LYS__CD2-LEU,-0.1917703740023368,0.1917703740023368
815,CG-PRO__C-LEU,-0.19172410803048487,0.19172410803048487
816,CG-LYS__C-ARG,-0.19158819884532613,0.19158819884532613
817,CG-ASP__CB-LEU,-0.1914835343906564,0.1914835343906564
818,CA-MET__CZ3-TRP,0.19146688970573314,0.19146688970573314
819,ND2-ASN__CB-GLU,0.19146023715920008,0.19146023715920008
820,CB-ALA__CE-MET,0.1913392837534012,0.1913392837534012
821,CA-HID__CB-TRP,0.1912897661236317,0.1912897661236317
822,CD2-LEU__CE2-PHE,0.1911665139030897,0.1911665139030897
823,CG-LEU__N-TYR,-0.19112917380562286,0.19112917380562286
824,OD1-ASN__CG-ARG,0.19108507035068026,0.19108507035068026
825,CD-LYS__CA-LEU,-0.19087880218890535,0.19087880218890535
826,OE1-GLU__O-GLU,-0.19084957143610606,0.19084957143610606
827,CB-LEU__C-TYR,-0.19084446998065666,0.19084446998065666
828,N-PRO__ND2-ASN,0.1908355280050404,0.1908355280050404
829,C-GLY__CB-THR,0.19081380119939592,0.19081380119939592
830,CB-LYS__N-HID,-0.190747122120236,0.190747122120236
831,CD1-TYR__NZ-LYS,0.19044808877796776,0.19044808877796776
832,NH1-ARG__CE2-TYR,0.1904315661067546,0.1904315661067546
833,NZ-LYS__O-PHE,0.19029561160220426,0.19029561160220426
834,CB-LYS__C-LEU,-0.19026522286759665,0.19026522286759665
835,CD1-ILE__CA-GLY,0.19019850892036072,0.19019850892036072
836,CG-PRO__CB-LEU,-0.19012890830697055,0.19012890830697055
837,CG2-VAL__CE2-TYR,0.19008032330294813,0.19008032330294813
838,N-MET__CG1-VAL,-0.1900228633302364,0.1900228633302364
839,O-ARG__C-GLY,0.1899724767399656,0.1899724767399656
840,CH2-TRP__CG1-ILE,0.1899020716616065,0.1899020716616065
841,O-GLY__OD2-ASP,0.1898407737017924,0.1898407737017924
842,CB-GLU__CB-SER,0.18979260423313526,0.18979260423313526
843,CG-TYR__C-ALA,0.18973551547490075,0.18973551547490075
844,SG-CYS__CE1-PHE,0.18973077887102432,0.18973077887102432
845,O-VAL__OH-TYR,0.18954167095348645,0.18954167095348645
846,CA-TRP__CA-HID,0.18941745755480965,0.18941745755480965
847,C-LEU__O-SER,-0.18930922677015247,0.18930922677015247
848,CB-THR__CB-THR,0.1892976680390736,0.1892976680390736
849,OH-TYR__OE1-GLN,0.1892787114868532,0.1892787114868532
850,CG-GLN__NH2-ARG,0.18913313590430425,0.18913313590430425
851,CG-TYR__NZ-LYS,0.18902702104155808,0.18902702104155808
852,CB-VAL__C-MET,-0.18898191308076528,0.18898191308076528
853,CB-ALA__CD-LYS,0.188954581767294,0.188954581767294
854,NH2-ARG__CZ-TYR,0.1889476474705508,0.1889476474705508
855,CD-GLU__OD1-ASN,0.1889410518514214,0.1889410518514214
856,N-GLY__CG-ARG,0.1888933042911815,0.1888933042911815
857,CE2-PHE__OE2-GLU,0.18875835562236126,0.18875835562236126
858,OE2-GLU__O-ALA,0.1886402027292181,0.1886402027292181
859,CZ-PHE__CE1-HID,0.18860079963983445,0.18860079963983445
860,CE-LYS__CZ-ARG,0.18859017159278108,0.18859017159278108
861,N-ARG__CD2-PHE,0.18843216572952004,0.18843216572952004
862,CG-ASP__N-LEU,-0.1883669332663716,0.1883669332663716
863,C-LEU__O-ASP,-0.18836208361696602,0.18836208361696602
864,OH-TYR__C-GLY,0.18835523281204972,0.18835523281204972
865,CB-TYR__CA-THR,0.18818873553660626,0.18818873553660626
866,N-CYS__OG1-THR,-0.18811334173970645,0.18811334173970645
867,CG-GLU__CA-MET,-0.18811033580161304,0.18811033580161304
868,CD1-ILE__C-GLU,-0.1879708895677503,0.1879708895677503
869,CH2-TRP__CA-GLY,0.18795446079244396,0.18795446079244396
870,OG-SER__CD2-PHE,0.1878217979320726,0.1878217979320726
871,CB-ALA__N-CYS,0.18770856785428106,0.18770856785428106
872,OE1-GLN__CB-LEU,0.18767676546746367,0.18767676546746367
873,CB-GLN__CB-ASN,0.18751970000119175,0.18751970000119175
874,CD1-ILE__N-PRO,0.1874685162641252,0.1874685162641252
875,N-TYR__CB-VAL,0.18705409553620328,0.18705409553620328
876,CE2-PHE__CB-ALA,0.1870507823779154,0.1870507823779154
877,O-LEU__OE2-GLU,0.1869179981143048,0.1869179981143048
878,CA-LYS__CA-TRP,0.18685250752594784,0.18685250752594784
879,C-LEU__N-GLY,-0.18679107712516974,0.18679107712516974
880,CA-PRO__O-GLN,-0.18676700154160336,0.18676700154160336
881,CD1-ILE__CE2-TYR,0.18672564948441214,0.18672564948441214
882,CG-PRO__N-ARG,0.1867195167227441,0.1867195167227441
883,CG1-VAL__C-THR,0.18669492768125764,0.18669492768125764
884,NE1-TRP__CE1-PHE,0.1866565436326122,0.1866565436326122
885,C-ASP__NZ-LYS,0.1864335510474156,0.1864335510474156
886,C-LEU__CB-PRO,-0.186263962551826,0.186263962551826
887,CG-LEU__SD-MET,0.18625694318925334,0.18625694318925334
888,CD1-LEU__CG-PHE,0.18624281796046865,0.18624281796046865
889,CB-GLU__SG-CYS,-0.1861877583398827,0.1861877583398827
890,O-SER__CG-LEU,-0.18606144834579988,0.18606144834579988
891,NE2-HID__OD2-ASP,0.18604147198195486,0.18604147198195486
892,ND2-ASN__CB-THR,0.18588135564836705,0.18588135564836705
893,OD2-ASP__CB-SER,0.18587045837542515,0.18587045837542515
894,CB-LYS__CA-GLN,-0.18574682465039846,0.18574682465039846
895,NH1-ARG__O-VAL,0.18574386220468328,0.18574386220468328
896,C-LEU__CG-LYS,-0.18571446486709525,0.18571446486709525
897,CG-GLN__O-GLN,-0.18567402500407934,0.18567402500407934
898,CD1-TRP__CD-GLN,0.1855699511131254,0.1855699511131254
899,CD2-LEU__CH2-TRP,0.1853021358027196,0.1853021358027196
900,CA-VAL__O-ARG,0.18528354628014446,0.18528354628014446
901,O-GLY__O-PHE,0.18526280953973215,0.18526280953973215
902,OE2-GLU__CB-GLU,0.18522070098476048,0.18522070098476048
903,CA-THR__O-ASN,-0.18520231578754848,0.18520231578754848
904,CA-ALA__O-GLY,0.18519710971089984,0.18519710971089984
905,CZ-PHE__CD2-PHE,0.18513553276615372,0.18513553276615372
906,CD-GLN__CD2-TRP,0.18508176878075355,0.18508176878075355
907,CE1-TYR__NH1-ARG,0.18494394556893887,0.18494394556893887
908,OE2-GLU__CG-ASP,0.1846617134096728,0.1846617134096728
909,OE1-GLN__CB-ASP,0.1845869040917288,0.1845869040917288
910,O-ASN__CA-VAL,-0.1844753965480243,0.1844753965480243
911,CB-CYS__CB-ILE,0.18446828681671693,0.18446828681671693
912,OG-SER__CD-GLU,0.18434231871110868,0.18434231871110868
913,CG-GLU__C-ASN,-0.1842407539828006,0.1842407539828006
914,CA-TRP__CD-ARG,0.1840840145300815,0.1840840145300815
915,CB-ALA__CD1-PHE,0.1840344664295897,0.1840344664295897
916,O-SER__O-CYS,0.18391913490364772,0.18391913490364772
917,CB-ARG__CE-LYS,0.18391902472984287,0.18391902472984287
918,O-PHE__CE1-PHE,-0.18385481671105164,0.18385481671105164
919,O-LYS__CA-PRO,-0.18380734320921988,0.18380734320921988
920,CG-LYS__CB-PHE,-0.18370325225584735,0.18370325225584735
921,O-GLY__CD1-TRP,0.1836360737690165,0.1836360737690165
922,CD1-TYR__NH1-ARG,0.18348138616370047,0.18348138616370047
923,CG1-ILE__CB-GLU,-0.1834387560004344,0.1834387560004344
924,NZ-LYS__NE-ARG,0.1833957655938434,0.1833957655938434
925,CE-LYS__O-GLY,0.18336591068495636,0.18336591068495636
926,N-LYS__CD2-LEU,-0.1832979918171088,0.1832979918171088
927,NZ-LYS__O-ASP,0.18327908990803934,0.18327908990803934
928,CA-ILE__CB-ALA,0.18319363242304945,0.18319363242304945
929,CE2-PHE__N-VAL,-0.1830783892907788,0.1830783892907788
930,O-TRP__CZ3-TRP,0.1830499315278048,0.1830499315278048
931,CZ-ARG__CB-ARG,-0.18300170072266447,0.18300170072266447
932,OD1-ASN__CB-SER,0.18297874358590005,0.18297874358590005
933,CZ2-TRP__NZ-LYS,0.18294245561157071,0.18294245561157071
934,N-ARG__CB-GLU,0.1829053562327892,0.1829053562327892
935,CG2-VAL__CA-ALA,0.18290479242320606,0.18290479242320606
936,C-CYS__CG2-THR,-0.1828383257639941,0.1828383257639941
937,NH2-ARG__CE1-TYR,0.18271985767457333,0.18271985767457333
938,O-GLN__CD2-LEU,0.1823275677091053,0.1823275677091053
939,CB-GLU__CG-ARG,0.18230918576148336,0.18230918576148336
940,CA-GLN__CA-LYS,-0.18230449079285108,0.18230449079285108
941,O-ARG__ND2-ASN,0.18229739159577305,0.18229739159577305
942,O-ILE__CA-ASN,-0.18225869402558026,0.18225869402558026
943,OE1-GLN__CH2-TRP,0.18217758656917624,0.18217758656917624
944,CB-THR__CB-ILE,0.18217630901632625,0.18217630901632625
945,CG1-ILE__CG1-VAL,0.18199720730863764,0.18199720730863764
946,CG2-VAL__OE2-GLU,0.18188463600100707,0.18188463600100707
947,CG-LEU__CD-GLU,-0.18188066922448465,0.18188066922448465
948,OH-TYR__O-LEU,0.1818107955056948,0.1818107955056948
949,N-VAL__OH-TYR,-0.1817702435206028,0.1817702435206028
950,CA-LEU__CA-VAL,-0.18160147052626469,0.18160147052626469
951,CA-ASP__CA-ASN,-0.18158605480843987,0.18158605480843987
952,CA-LEU__CB-VAL,0.18156847099429807,0.18156847099429807
953,OH-TYR__NH1-ARG,0.18152539754305555,0.18152539754305555
954,CG2-THR__CD2-LEU,0.18150813289245127,0.18150813289245127
955,O-THR__CG1-VAL,0.18150175032406551,0.18150175032406551
956,OE1-GLU__CB-SER,0.18148265956783394,0.18148265956783394
957,C-GLY__CG1-ILE,-0.18146299486386905,0.18146299486386905
958,CB-PHE__CD1-LEU,0.1814367662982719,0.1814367662982719
959,CD1-LEU__CE2-TYR,0.18139985133171,0.18139985133171
960,CG-GLN__CA-TRP,0.1812983530482391,0.1812983530482391
961,CD2-PHE__C-ILE,-0.1812891833458647,0.1812891833458647
962,ND2-ASN__O-TYR,0.18106420289118053,0.18106420289118053
963,NH1-ARG__CG2-ILE,0.18106114975934334,0.18106114975934334
964,CD-LYS__ND2-ASN,0.18091419182864527,0.18091419182864527
965,CD2-LEU__OD1-ASP,0.18090712906588846,0.18090712906588846
966,CZ-TYR__NE2-HID,0.18090622374525456,0.18090622374525456
967,CA-LYS__CG-LYS,-0.18085852407616693,0.18085852407616693
968,CA-TYR__CB-HID,0.1807973950994108,0.1807973950994108
969,CA-PHE__CG-ARG,0.1805698260484026,0.1805698260484026
970,CB-PHE__NZ-LYS,0.18045660026234533,0.18045660026234533
971,CA-ILE__CD-ARG,-0.18031028847598368,0.18031028847598368
972,OE1-GLU__CG-ASN,0.18009069012819215,0.18009069012819215
973,CD-ARG__N-TRP,0.1798833123776984,0.1798833123776984
974,C-SER__CE-MET,0.17986594537794034,0.17986594537794034
975,OE1-GLN__CB-TYR,0.17979979402109278,0.17979979402109278
976,O-ASN__CB-ALA,0.1797410405868112,0.1797410405868112
977,NH2-ARG__N-THR,0.1797359765883073,0.1797359765883073
978,CD2-TYR__OH-TYR,0.17963440217735546,0.17963440217735546
979,ND2-ASN__OG1-THR,0.17961221994641768,0.17961221994641768
980,CD1-LEU__CG-LEU,0.17959899585429806,0.17959899585429806
981,CB-ARG__CB-ASP,0.17947367774044892,0.17947367774044892
982,CG-LEU__C-GLY,-0.17946641183142786,0.17946641183142786
983,N-VAL__CG-MET,-0.1793715357639936,0.1793715357639936
984,CB-ASN__CB-ALA,0.17936316456616136,0.17936316456616136
985,CZ-PHE__SG-CYS,0.17935771036363896,0.17935771036363896
986,CA-PHE__CG2-THR,-0.1792698743582785,0.1792698743582785
987,OE1-GLN__NZ-LYS,0.17917486483319572,0.17917486483319572
988,CB-ILE__CD1-LEU,0.17916247998791332,0.17916247998791332
989,CD-ARG__N-LEU,-0.17901281323373314,0.17901281323373314
990,OD1-ASP__CD1-ILE,0.17873378184706268,0.17873378184706268
991,CE-LYS__CB-PRO,0.17872212624080824,0.17872212624080824
992,N-PRO__C-LEU,-0.17868520320261386,0.17868520320261386
993,CG1-ILE__CG-PHE,0.1786252241295726,0.1786252241295726
994,O-ILE__NZ-LYS,0.1786010589097093,0.1786010589097093
995,CA-SER__OG1-THR,-0.1785496451530292,0.1785496451530292
996,OD1-ASP__OE1-GLN,0.17852232114716635,0.17852232114716635
997,O-THR__ND2-ASN,0.17850971066407748,0.17850971066407748
998,C-ASP__OD2-ASP,-0.1784957860982249,0.1784957860982249
999,CB-PHE__N-GLY,0.17848117570850305,0.17848117570850305
1000,CD1-LEU__CD1-TYR,0.17846194077389074,0.17846194077389074
1001,CG-LYS__CA-TYR,-0.17835707754070815,0.17835707754070815
1002,CG2-THR__N-LYS,-0.17828013699884382,0.17828013699884382
1003,O-LEU__CA-VAL,-0.17826413604429542,0.17826413604429542
1004,CZ-TYR__C-CYS,0.1782345465300233,0.1782345465300233
1005,CE2-TRP__CA-GLN,-0.17819638929376924,0.17819638929376924
1006,CB-TYR__CB-ASN,0.17800098663320904,0.17800098663320904
1007,CB-TYR__NZ-LYS,0.17796391629792035,0.17796391629792035
1008,O-GLN__CG-ASN,-0.17790202981621622,0.17790202981621622
1009,CD1-ILE__C-CYS,0.17783909552688704,0.17783909552688704
1010,CB-HID__C-TRP,0.1777808205077796,0.1777808205077796
1011,CD2-LEU__C-GLU,-0.17766129710884732,0.17766129710884732
1012,NE-ARG__CG-TYR,-0.17764739926449186,0.17764739926449186
1013,CB-PRO__C-MET,-0.1776299611807398,0.1776299611807398
1014,CB-LEU__CB-PRO,0.1776189080627532,0.1776189080627532
1015,CG-ASN__O-LEU,-0.17737376314364756,0.17737376314364756
1016,CG-ARG__CG1-ILE,0.17732941885607226,0.17732941885607226
1017,CB-TYR__CB-ILE,0.17730888312555582,0.17730888312555582
1018,CD1-TRP__CA-GLY,0.1772726274371942,0.1772726274371942
1019,NH1-ARG__O-PRO,0.17727097275918965,0.17727097275918965
1020,ND2-ASN__CA-SER,0.17722270897254966,0.17722270897254966
1021,C-THR__CB-SER,-0.17707986437132198,0.17707986437132198
1022,CG1-ILE__CD2-PHE,0.17696803911945908,0.17696803911945908
1023,CZ3-TRP__CD-PRO,0.1769437248806609,0.1769437248806609
1024,SG-CYS__CB-HID,-0.17692921454031446,0.17692921454031446
1025,C-GLU__CB-ARG,0.17692534785192832,0.17692534785192832
1026,CB-GLN__C-SER,-0.17685855841403564,0.17685855841403564
1027,ND2-ASN__NE-ARG,0.1767241365368096,0.1767241365368096
1028,OE1-GLN__CD1-TRP,0.17667298816067978,0.17667298816067978
1029,CG-PRO__CA-LYS,-0.17664015259933386,0.17664015259933386
1030,O-CYS__OG-SER,0.1765211657739052,0.1765211657739052
1031,O-GLY__C-GLY,0.17639256736144832,0.17639256736144832
1032,C-ALA__CE1-PHE,-0.17634278198580294,0.17634278198580294
1033,CG1-VAL__CA-MET,-0.17619505920878922,0.17619505920878922
1034,OD2-ASP__CE1-HID,0.1760916053979344,0.1760916053979344
1035,CB-ALA__CH2-TRP,0.1760815165619236,0.1760815165619236
1036,ND2-ASN__CA-PRO,0.17607434106800973,0.17607434106800973
1037,CB-ALA__OE1-GLN,0.17599061942214586,0.17599061942214586
1038,CA-GLN__CD2-TRP,-0.17582258869910802,0.17582258869910802
1039,CA-LYS__O-LEU,-0.17555194833211113,0.17555194833211113
1040,SD-MET__CZ3-TRP,0.1755015341595789,0.1755015341595789
1041,CE1-TYR__ND1-HID,-0.17547430011643067,0.17547430011643067
1042,OD1-ASN__O-SER,0.17538820942889508,0.17538820942889508
1043,CB-MET__CB-CYS,0.1753178938303409,0.1753178938303409
1044,NE2-HID__ND2-ASN,0.17529825268027327,0.17529825268027327
1045,CZ-TYR__CE1-HID,0.17527953147208614,0.17527953147208614
1046,CG2-THR__CB-GLU,0.17526285936128444,0.17526285936128444
1047,NH2-ARG__CB-VAL,0.17525167877287906,0.17525167877287906
1048,CA-ARG__CG-MET,-0.17511274381810527,0.17511274381810527
1049,CG-TYR__CA-THR,0.17487898990855927,0.17487898990855927
1050,N-ILE__CD1-ILE,0.17486415443921458,0.17486415443921458
1051,O-HID__N-MET,0.17483464787481834,0.17483464787481834
1052,N-VAL__CG-LEU,-0.17481599782436416,0.17481599782436416
1053,OD1-ASN__O-TYR,0.17481092373669305,0.17481092373669305
1054,CG-ARG__CB-TRP,0.1747474984172923,0.1747474984172923
1055,CG-ARG__C-LYS,-0.17470381810852104,0.17470381810852104
1056,N-TRP__CE3-TRP,-0.17470143029237828,0.17470143029237828
1057,NE2-GLN__CA-GLN,-0.17468738297913464,0.17468738297913464
1058,CA-ASN__CB-GLU,-0.17464257473534855,0.17464257473534855
1059,CD2-HID__CE1-TYR,0.17457979455031314,0.17457979455031314
1060,CE2-PHE__CB-PRO,0.1743433997256874,0.1743433997256874
1061,O-ILE__OE2-GLU,0.17424757174456967,0.17424757174456967
1062,CB-ASP__CB-ILE,0.17423236532109554,0.17423236532109554
1063,N-SER__CD1-PHE,0.1742137402499352,0.1742137402499352
1064,N-ASN__CB-TYR,0.17417393685272758,0.17417393685272758
1065,C-PRO__CD2-PHE,0.17416628815180618,0.17416628815180618
1066,CB-LYS__NZ-LYS,-0.17408073112368488,0.17408073112368488
1067,OG-SER__N-GLU,0.17407059053690793,0.17407059053690793
1068,CG2-ILE__NH2-ARG,0.17406690703081615,0.17406690703081615
1069,CD2-HID__CD1-ILE,0.1740250864500275,0.1740250864500275
1070,CA-LEU__CD-ARG,-0.17401161872153034,0.17401161872153034
1071,CB-THR__N-ILE,0.17400827078577166,0.17400827078577166
1072,CB-SER__CB-ASN,0.1738525236826771,0.1738525236826771
1073,O-GLY__CD-GLN,0.17378535314668908,0.17378535314668908
1074,CA-ASP__CB-ASP,-0.1737736139284533,0.1737736139284533
1075,OE1-GLU__CG2-THR,0.17369695066214347,0.17369695066214347
1076,CD-ARG__CG2-THR,0.1736008760736562,0.1736008760736562
1077,CB-ALA__CE1-TYR,0.17358322342512986,0.17358322342512986
1078,CG2-THR__CE-LYS,0.17352171977746167,0.17352171977746167
1079,NH2-ARG__CE2-PHE,0.173444997353297,0.173444997353297
1080,NZ-LYS__CE2-PHE,0.1733945534365257,0.1733945534365257
1081,CG2-THR__CB-TYR,0.1733643423070127,0.1733643423070127
1082,N-ASP__CG1-VAL,-0.17323731018694188,0.17323731018694188
1083,CD2-LEU__N-VAL,-0.1732053594610854,0.1732053594610854
1084,C-VAL__CE2-PHE,-0.17316276451144946,0.17316276451144946
1085,CG-PHE__N-VAL,-0.17306593464194986,0.17306593464194986
1086,N-VAL__CB-LYS,-0.1729889879125021,0.1729889879125021
1087,N-ARG__NZ-LYS,0.17296982546537776,0.17296982546537776
1088,N-GLU__ND2-ASN,0.17294624799391292,0.17294624799391292
1089,CA-TYR__CG2-THR,0.17290749224917207,0.17290749224917207
1090,NH1-ARG__CZ-PHE,0.17286172187069213,0.17286172187069213
1091,CA-LYS__CB-ARG,-0.1728209484373653,0.1728209484373653
1092,CG2-ILE__OH-TYR,0.17279812640277975,0.17279812640277975
1093,SD-MET__N-VAL,-0.17274688958980378,0.17274688958980378
1094,CB-LYS__OD1-ASP,0.17272195694254494,0.17272195694254494
1095,CG-LYS__CD-GLU,0.17268656634585014,0.17268656634585014
1096,CE-LYS__CE2-TYR,0.17266588409570335,0.17266588409570335
1097,N-LEU__CB-ASP,-0.17263509646248562,0.17263509646248562
1098,CD-ARG__CB-ASP,0.1725450068261647,0.1725450068261647
1099,O-LEU__N-PRO,-0.17239860966743575,0.17239860966743575
1100,NH2-ARG__CD1-PHE,0.17226528668163044,0.17226528668163044
1101,C-GLY__CG-TYR,0.17222278478060088,0.17222278478060088
1102,O-ASP__CB-PRO,0.17217391372690471,0.17217391372690471
1103,CB-CYS__CB-HID,-0.17205739474282114,0.17205739474282114
1104,CZ2-TRP__CG-LEU,0.1719583658903469,0.1719583658903469
1105,CE-LYS__CB-ASN,0.17183051002051752,0.17183051002051752
1106,CA-PHE__CA-GLY,0.17173112113794248,0.17173112113794248
1107,OE1-GLU__CD2-LEU,0.17168109021343014,0.17168109021343014
1108,N-ALA__CB-PHE,0.1714156575625915,0.1714156575625915
1109,CG1-ILE__NZ-LYS,0.1713952734917243,0.1713952734917243
1110,O-GLY__C-ASN,-0.17134973997732128,0.17134973997732128
1111,CD-GLU__N-PRO,-0.17129157794005773,0.17129157794005773
1112,CB-ASN__CG2-THR,0.17128540711639936,0.17128540711639936
1113,CD-GLU__C-ALA,-0.17125931052807605,0.17125931052807605
1114,C-GLN__CB-ARG,-0.17122624086466884,0.17122624086466884
1115,CZ3-TRP__OD1-ASN,0.17120605832727662,0.17120605832727662
1116,CD2-LEU__N-ASP,-0.1711662926350867,0.1711662926350867
1117,O-ARG__CG-TYR,0.17114364423600606,0.17114364423600606
1118,N-ARG__OD1-ASP,0.1711209517043248,0.1711209517043248
1119,CD1-TYR__OD2-ASP,0.17111685625557818,0.17111685625557818
1120,OE1-GLU__CA-ASP,0.17105599073170105,0.17105599073170105
1121,CD-ARG__OG1-THR,0.17102632155250574,0.17102632155250574
1122,CG1-VAL__CD1-PHE,0.1708035972217099,0.1708035972217099
1123,OE2-GLU__CA-GLY,0.17079153336619746,0.17079153336619746
1124,CB-VAL__NH1-ARG,0.1706278613375984,0.1706278613375984
1125,CZ3-TRP__CG2-ILE,0.17054423896067855,0.17054423896067855
1126,CA-ASP__CA-GLU,-0.17049567576831526,0.17049567576831526
1127,CA-PRO__CG-LYS,-0.17048177223537286,0.17048177223537286
1128,CH2-TRP__CB-LEU,0.17038350942437375,0.17038350942437375
1129,O-GLY__CG-ARG,0.17034568227653799,0.17034568227653799
1130,CE2-PHE__CG2-THR,0.1703413760746516,0.1703413760746516
1131,CB-ALA__SG-CYS,0.17033587581645093,0.17033587581645093
1132,NE1-TRP__N-GLY,0.17033451404533614,0.17033451404533614
1133,N-MET__CD2-TYR,0.17032040609007948,0.17032040609007948
1134,N-ILE__CG-PHE,-0.17031359864954138,0.17031359864954138
1135,CD2-LEU__CE1-TYR,0.17030445238750036,0.17030445238750036
1136,CE1-HID__O-PRO,0.17028262488891838,0.17028262488891838
1137,CB-VAL__CG2-VAL,0.1702201436933395,0.1702201436933395
1138,O-PHE__CE2-PHE,-0.17010265495808088,0.17010265495808088
1139,CG-ASN__N-THR,-0.1700604693995028,0.1700604693995028
1140,C-ASN__CG-LEU,-0.1700150818242166,0.1700150818242166
1141,NH1-ARG__CB-ASN,0.16999316793314012,0.16999316793314012
1142,CE3-TRP__CD2-HID,0.16995345811914614,0.16995345811914614
1143,CG1-ILE__CG-LEU,0.16994803990846766,0.16994803990846766
1144,CB-ASN__OG-SER,0.16994244439448902,0.16994244439448902
1145,NE2-HID__NH2-ARG,0.16992911023814689,0.16992911023814689
1146,CE1-HID__O-THR,0.16989992100008014,0.16989992100008014
1147,CB-ARG__CA-GLU,0.1698830273137985,0.1698830273137985
1148,CG-ARG__N-ASP,-0.16980424336491182,0.16980424336491182
1149,CZ-ARG__N-ASP,0.16974277092444506,0.16974277092444506
1150,OD2-ASP__CB-MET,0.16969149991071622,0.16969149991071622
1151,OE1-GLU__N-PHE,-0.16968315967559705,0.16968315967559705
1152,C-GLY__CB-PHE,0.16960701512210385,0.16960701512210385
1153,CG-PHE__CE2-PHE,-0.1695838708701014,0.1695838708701014
1154,SD-MET__CD1-PHE,0.16957939987469028,0.16957939987469028
1155,CD2-LEU__SD-MET,0.1695157285329843,0.1695157285329843
1156,CE3-TRP__CD1-LEU,0.1694662733758165,0.1694662733758165
1157,OG1-THR__CB-CYS,-0.16930800035072208,0.16930800035072208
1158,OD1-ASN__OG1-THR,0.16924391023477914,0.16924391023477914
1159,N-TRP__CE2-TRP,-0.1692134685704645,0.1692134685704645
1160,ND2-ASN__CH2-TRP,0.1691583160619013,0.1691583160619013
1161,OG-SER__OG1-THR,0.1691502790905534,0.1691502790905534
1162,CG1-VAL__CB-ASP,-0.16910187474237626,0.16910187474237626
1163,CB-SER__CE-LYS,0.16904210850504045,0.16904210850504045
1164,N-LYS__CD-PRO,-0.16898204823173826,0.16898204823173826
1165,O-ASP__NH1-ARG,0.16894207454427898,0.16894207454427898
1166,CG-ARG__C-TRP,0.1688700948419106,0.1688700948419106
1167,CD1-ILE__CZ2-TRP,0.16883151509476316,0.16883151509476316
1168,CA-LEU__CB-TYR,0.16883092252552095,0.16883092252552095
1169,CD1-ILE__CB-TYR,0.16882506126727773,0.16882506126727773
1170,C-THR__CG-TYR,0.1687535382385701,0.1687535382385701
1171,O-GLU__ND2-ASN,0.1687217590196884,0.1687217590196884
1172,CZ2-TRP__N-TRP,-0.16865316856319978,0.16865316856319978
1173,CZ2-TRP__O-TRP,-0.16858494572468702,0.16858494572468702
1174,OD1-ASN__CD1-LEU,0.1685041768008666,0.1685041768008666
1175,CD-LYS__CB-ASN,0.1685022363871368,0.1685022363871368
1176,CD1-LEU__CG1-ILE,0.1684965343768494,0.1684965343768494
1177,ND2-ASN__C-PHE,-0.16847169534335346,0.16847169534335346
1178,N-PRO__CZ-PHE,0.16842582532922198,0.16842582532922198
1179,N-ALA__NZ-LYS,0.16841415009860608,0.16841415009860608
1180,CG-LYS__O-PRO,-0.168364857844782,0.168364857844782
1181,CD1-ILE__CD1-TYR,0.16835449107899067,0.16835449107899067
1182,O-LYS__OE2-GLU,0.16833153528446235,0.16833153528446235
1183,CD2-TYR__CG-LYS,0.16813452915222085,0.16813452915222085
1184,CB-ARG__O-GLU,0.1681203449526776,0.1681203449526776
1185,CG-MET__O-LYS,-0.1680046701444421,0.1680046701444421
1186,NH1-ARG__CD2-TYR,0.1679449839292938,0.1679449839292938
1187,CE2-PHE__CE1-HID,0.1678589366718268,0.1678589366718268
1188,C-GLY__CG-PHE,0.16772148549243293,0.16772148549243293
1189,O-ASP__NH2-ARG,0.16771941844621896,0.16771941844621896
1190,CB-TRP__CZ3-TRP,0.167661415420371,0.167661415420371
1191,CB-GLU__C-ASN,-0.16763050612231095,0.16763050612231095
1192,CB-ILE__CZ3-TRP,0.1674857149603669,0.1674857149603669
1193,O-SER__NH1-ARG,0.16736430285865034,0.16736430285865034
1194,C-PRO__CB-PRO,-0.1673107339094687,0.1673107339094687
1195,N-MET__CB-TYR,0.16730913932510738,0.16730913932510738
1196,N-GLN__CA-GLY,-0.16716972184549478,0.16716972184549478
1197,NH2-ARG__CD-LYS,0.1671518649800704,0.1671518649800704
1198,NH1-ARG__CB-PRO,0.1671502514740767,0.1671502514740767
1199,CB-PHE__C-ASN,-0.16697533265392242,0.16697533265392242
1200,CA-TRP__CG-HID,-0.16696131602446093,0.16696131602446093
1201,OD1-ASP__CG1-VAL,0.16694097968329513,0.16694097968329513
1202,CA-ILE__CA-ILE,-0.16689544566450382,0.16689544566450382
1203,O-ALA__O-GLY,0.1668858001247029,0.1668858001247029
1204,OE1-GLN__CG1-VAL,0.1668390683320337,0.1668390683320337
1205,N-THR__NH1-ARG,0.1668002568103635,0.1668002568103635
1206,CD1-ILE__NE2-GLN,0.1667877383323834,0.1667877383323834
1207,CZ-TYR__N-VAL,-0.16670754717595515,0.16670754717595515
1208,CD-PRO__CA-CYS,0.1666271256482949,0.1666271256482949
1209,CG2-VAL__OE1-GLU,0.16660334266083,0.16660334266083
1210,CD1-TRP__CE2-TRP,-0.16659919752580565,0.16659919752580565
1211,CB-GLU__CD-ARG,0.16656989434489675,0.16656989434489675
1212,N-ALA__CB-ALA,0.1664736626290974,0.1664736626290974
1213,CG1-VAL__CA-CYS,0.1664167085509048,0.1664167085509048
1214,CD2-TYR__N-THR,-0.16607462024570824,0.16607462024570824
1215,N-CYS__CD-GLU,-0.1660399393959941,0.1660399393959941
1216,CZ-PHE__NH2-ARG,0.165982026472047,0.165982026472047
1217,CD2-TRP__CD2-HID,0.16595470142328145,0.16595470142328145
1218,ND2-ASN__CD1-TYR,0.16578693851726775,0.16578693851726775
1219,CA-GLY__O-THR,0.1657581618028831,0.1657581618028831
1220,CE1-PHE__CG1-VAL,0.1657043349424056,0.1657043349424056
1221,NE-ARG__OE1-GLN,0.16565991430352722,0.16565991430352722
1222,CD2-PHE__CD2-LEU,0.16545579020054207,0.16545579020054207
1223,O-GLY__CB-CYS,0.16543709260914435,0.16543709260914435
1224,CD1-LEU__N-TYR,-0.1652500246876087,0.1652500246876087
1225,CA-GLN__NE-ARG,-0.16522515310924518,0.16522515310924518
1226,NH1-ARG__CB-SER,0.1651404462732936,0.1651404462732936
1227,NE2-GLN__OE1-GLU,0.1651270638893343,0.1651270638893343
1228,ND2-ASN__OD1-ASN,0.16503982884997756,0.16503982884997756
1229,C-ASP__CB-ASP,-0.1649848125420573,0.1649848125420573
1230,CE3-TRP__CD1-ILE,0.16487558580441444,0.16487558580441444
1231,C-VAL__CD-LYS,-0.1648610831848805,0.1648610831848805
1232,O-GLY__OD1-ASP,0.16476029160031122,0.16476029160031122
1233,O-LYS__ND2-ASN,0.16474006257961846,0.16474006257961846
1234,CB-ALA__CD-ARG,0.16473118513981233,0.16473118513981233
1235,CE2-TYR__CD2-PHE,0.16462380017358758,0.16462380017358758
1236,CD1-ILE__NH1-ARG,0.16430399910358046,0.16430399910358046
1237,CA-GLY__C-GLN,0.16424548614572665,0.16424548614572665
1238,CB-CYS__CB-TRP,0.16414801762851974,0.16414801762851974
1239,CZ-ARG__CB-TRP,0.16407568188576396,0.16407568188576396
1240,NH2-ARG__CG-ASN,0.16406616521687967,0.16406616521687967
1241,CB-PHE__CA-LYS,0.16395158928610146,0.16395158928610146
1242,CB-ALA__N-PHE,0.16389973493659016,0.16389973493659016
1243,OG-SER__CB-SER,0.16380527272232695,0.16380527272232695
1244,CA-GLN__CH2-TRP,-0.16376878958381702,0.16376878958381702
1245,NZ-LYS__C-GLY,0.1636725131709187,0.1636725131709187
1246,NH1-ARG__CG1-VAL,0.16359895133912036,0.16359895133912036
1247,CE-LYS__OG1-THR,0.16357287630255196,0.16357287630255196
1248,O-MET__CG-PHE,0.1635670477515253,0.1635670477515253
1249,C-GLN__N-CYS,-0.16335927418488266,0.16335927418488266
1250,CA-ASP__CZ-ARG,0.16328104503649893,0.16328104503649893
1251,OD2-ASP__N-ALA,-0.16323333055446768,0.16323333055446768
1252,O-PHE__CD-LYS,-0.16323229437507292,0.16323229437507292
1253,CZ2-TRP__NH2-ARG,0.16322291778221296,0.16322291778221296
1254,CG1-ILE__OH-TYR,0.16321749508655267,0.16321749508655267
1255,CD2-PHE__CZ-TYR,-0.16307872537461085,0.16307872537461085
1256,CD2-LEU__OD1-ASN,0.16297163065860784,0.16297163065860784
1257,O-SER__OE2-GLU,0.16294901628333264,0.16294901628333264
1258,CG-ASP__CB-SER,0.16294415345142546,0.16294415345142546
1259,CB-PHE__CA-THR,0.16288530305160365,0.16288530305160365
1260,CG-LEU__CE2-PHE,0.16269699278413344,0.16269699278413344
1261,SD-MET__CD1-ILE,0.16268835006103854,0.16268835006103854
1262,CB-SER__ND2-ASN,0.16261895612415386,0.16261895612415386
1263,NZ-LYS__CD2-PHE,0.16261397280876708,0.16261397280876708
1264,CE-MET__NH2-ARG,0.1626068688946659,0.1626068688946659
1265,CG2-VAL__CB-LYS,-0.16257084524712095,0.16257084524712095
1266,CG-LEU__O-LYS,-0.16254621718802004,0.16254621718802004
1267,O-ILE__CA-GLY,-0.16239529261483576,0.16239529261483576
1268,SD-MET__CG1-ILE,0.16239207682736967,0.16239207682736967
1269,CZ2-TRP__ND1-HID,0.16234242392749848,0.16234242392749848
1270,CG2-ILE__CG2-THR,0.16224582386534936,0.16224582386534936
1271,O-PRO__OD1-ASP,0.16222127067549613,0.16222127067549613
1272,ND1-HID__C-HID,0.16215565551639993,0.16215565551639993
1273,CA-GLY__CZ3-TRP,0.16210383814317064,0.16210383814317064
1274,CD1-ILE__CB-PHE,0.16209587302735615,0.16209587302735615
1275,O-PHE__CB-SER,0.16202052586644458,0.16202052586644458
1276,CD2-TYR__CG2-THR,0.16187439997999753,0.16187439997999753
1277,CD-ARG__C-GLY,0.16183231827300631,0.16183231827300631
1278,OD1-ASN__CD2-TRP,0.16179120802376595,0.16179120802376595
1279,CB-ASN__CB-ARG,0.16175664117795266,0.16175664117795266
1280,SG-CYS__NZ-LYS,0.16171537225033486,0.16171537225033486
1281,C-CYS__C-CYS,-0.1617153681610853,0.1617153681610853
1282,OD1-ASP__CA-GLY,0.16169934226914254,0.16169934226914254
1283,OG1-THR__O-GLY,0.1616974459867127,0.1616974459867127
1284,OG-SER__CA-MET,0.16166582032620008,0.16166582032620008
1285,N-TRP__O-GLY,0.16161196646410814,0.16161196646410814
1286,NH2-ARG__SD-MET,0.16157430394484942,0.16157430394484942
1287,CA-TYR__OD1-ASN,0.1615477020444268,0.1615477020444268
1288,CD2-TRP__NH2-ARG,-0.16129896682262276,0.16129896682262276
1289,N-GLY__C-ASN,-0.16129493908663536,0.16129493908663536
1290,O-THR__O-SER,0.1612822617550822,0.1612822617550822
1291,CB-LEU__CE1-PHE,0.16122255080573236,0.16122255080573236
1292,OE2-GLU__O-THR,0.1611154749266797,0.1611154749266797
1293,SG-CYS__CA-TRP,0.1611021850600774,0.1611021850600774
1294,N-ILE__NZ-LYS,0.16109782558521002,0.16109782558521002
1295,CZ-TYR__CD1-LEU,0.1610673777516089,0.1610673777516089
1296,ND2-ASN__CG2-ILE,0.16089386004236947,0.16089386004236947
1297,CB-VAL__CA-ALA,0.1608921855961263,0.1608921855961263
1298,NH2-ARG__CB-GLN,0.16085329157958822,0.16085329157958822
1299,CD1-ILE__CD2-PHE,0.16079095903018004,0.16079095903018004
1300,NE2-GLN__CD-ARG,0.16075422325339156,0.16075422325339156
1301,CB-ASN__CB-VAL,0.16072983022628856,0.16072983022628856
1302,N-PRO__CA-GLU,-0.1606285197539194,0.1606285197539194
1303,CG-TRP__O-PRO,0.16059440245113435,0.16059440245113435
1304,C-GLY__CE2-TRP,0.1604809071465373,0.1604809071465373
1305,CA-GLY__OE1-GLU,0.1604316892411866,0.1604316892411866
1306,N-VAL__CG-ASN,-0.16042367275306646,0.16042367275306646
1307,CD1-TYR__CG1-VAL,0.16039564799712974,0.16039564799712974
1308,CG-ASN__CB-PRO,0.1603631365829723,0.1603631365829723
1309,OD1-ASN__CG-TYR,0.16032670110430194,0.16032670110430194
1310,CB-LYS__CB-GLU,-0.16006278382137848,0.16006278382137848
1311,C-THR__CB-LYS,-0.15997511709028106,0.15997511709028106
1312,CD2-PHE__N-VAL,-0.15978172292032547,0.15978172292032547
1313,O-ARG__OH-TYR,0.15965419567808964,0.15965419567808964
1314,CZ2-TRP__O-HID,0.15964334078191955,0.15964334078191955
1315,OD1-ASN__O-GLY,0.15957094370927255,0.15957094370927255
1316,CG-PHE__CB-HID,-0.1595616753179907,0.1595616753179907
1317,CA-GLN__CD1-TRP,-0.1594807693869728,0.1594807693869728
1318,OD1-ASP__CD1-TYR,0.1594730717500501,0.1594730717500501
1319,OG-SER__OG-SER,0.15946578102453862,0.15946578102453862
1320,CH2-TRP__CD1-LEU,0.15944071636800733,0.15944071636800733
1321,CG1-VAL__O-HID,0.15936185306619216,0.15936185306619216
1322,OD1-ASN__C-ASN,-0.15935675930812632,0.15935675930812632
1323,N-HID__CD1-PHE,-0.1593406652236738,0.1593406652236738
1324,CG-TRP__CA-GLY,0.15933018280459302,0.15933018280459302
1325,C-ALA__N-VAL,-0.15930611149130008,0.15930611149130008
1326,CD2-LEU__C-VAL,-0.15927731313542148,0.15927731313542148
1327,N-VAL__N-THR,-0.1592273941727955,0.1592273941727955
1328,CG-ARG__OE2-GLU,0.15919960593688914,0.15919960593688914
1329,O-VAL__O-VAL,0.15911676119038254,0.15911676119038254
1330,C-LYS__SG-CYS,0.15911224818991224,0.15911224818991224
1331,CG1-ILE__O-ASN,-0.15910128482325842,0.15910128482325842
1332,CD1-LEU__O-LEU,0.15906718869381334,0.15906718869381334
1333,CG-LYS__CG-LEU,-0.15906629298974184,0.15906629298974184
1334,CG-LYS__O-THR,-0.1590276600090718,0.1590276600090718
1335,CG-HID__CB-PHE,-0.15899976021704965,0.15899976021704965
1336,CZ-PHE__C-PHE,0.15893876484305106,0.15893876484305106
1337,CB-CYS__CG-TRP,0.15889194762839165,0.15889194762839165
1338,N-TRP__CB-CYS,0.1588480944311763,0.1588480944311763
1339,CG1-VAL__CG2-ILE,0.15884459617547,0.15884459617547
1340,CG-PHE__CB-ASP,-0.15880727407446668,0.15880727407446668
1341,ND1-HID__OE1-GLU,0.15876216296181328,0.15876216296181328
1342,CB-SER__NE2-GLN,0.15875587944461514,0.15875587944461514
1343,OD1-ASP__CA-CYS,0.15872223809440453,0.15872223809440453
1344,O-GLY__N-GLN,0.1587192494398127,0.1587192494398127
1345,CE2-TYR__ND2-ASN,0.1586922534960467,0.1586922534960467
1346,C-ASN__CD1-PHE,-0.15865819748019366,0.15865819748019366
1347,N-ILE__NE2-GLN,0.15865745233648734,0.15865745233648734
1348,CB-LEU__N-VAL,-0.15863962278529525,0.15863962278529525
1349,CB-VAL__CD1-LEU,0.1585760896081927,0.1585760896081927
1350,CD1-PHE__NZ-LYS,0.15854685341978747,0.15854685341978747
1351,CG2-THR__C-TYR,0.1585067069323387,0.1585067069323387
1352,CB-ASP__CD2-TYR,-0.1583576541314648,0.1583576541314648
1353,CA-ILE__CD2-PHE,-0.15835751042455712,0.15835751042455712
1354,CA-LEU__CD-GLU,-0.1583513718270759,0.1583513718270759
1355,N-CYS__CE2-TYR,-0.1583465801188822,0.1583465801188822
1356,CE2-TYR__N-THR,-0.1583257961894663,0.1583257961894663
1357,ND2-ASN__CB-VAL,0.15828580634647382,0.15828580634647382
1358,C-ARG__CA-GLY,0.1582511290710664,0.1582511290710664
1359,CG-MET__CD1-PHE,0.1581852405638462,0.1581852405638462
1360,CB-THR__CA-ASN,0.15792776654655322,0.15792776654655322
1361,N-ALA__CE-MET,0.15786169794094218,0.15786169794094218
1362,CA-THR__N-ALA,0.15783851447694358,0.15783851447694358
1363,CA-LYS__CD-ARG,-0.1578299066135625,0.1578299066135625
1364,CB-THR__CB-ALA,0.15780896642984746,0.15780896642984746
1365,CB-VAL__CA-GLY,0.15780833824290108,0.15780833824290108
1366,CG1-VAL__CD-LYS,0.15780401885813394,0.15780401885813394
1367,N-ASN__CB-ALA,0.15776633143729846,0.15776633143729846
1368,CB-VAL__SG-CYS,0.15755508707303895,0.15755508707303895
1369,O-CYS__N-PRO,0.15752991376946118,0.15752991376946118
1370,CZ-PHE__CD2-TYR,0.15742994943890934,0.15742994943890934
1371,CD1-ILE__NE2-HID,0.15726320037306024,0.15726320037306024
1372,CE-LYS__CG1-VAL,0.15725612196630973,0.15725612196630973
1373,CG2-THR__CB-LYS,-0.15723817087282133,0.15723817087282133
1374,CD2-PHE__CG2-ILE,0.1572263498345149,0.1572263498345149
1375,N-GLU__CG-ASP,-0.1572124985910651,0.1572124985910651
1376,C-PHE__CD1-PHE,0.15717694070745702,0.15717694070745702
1377,CG2-VAL__CA-MET,-0.15716640676558324,0.15716640676558324
1378,OH-TYR__CB-VAL,0.15711229945594585,0.15711229945594585
1379,OE1-GLU__O-VAL,0.15709959641474502,0.15709959641474502
1380,N-TRP__CB-LYS,0.1570954209969043,0.1570954209969043
1381,C-VAL__CZ-PHE,-0.15704652180222167,0.15704652180222167
1382,N-CYS__CD2-TYR,-0.15699820046885632,0.15699820046885632
1383,N-ASP__CE2-PHE,-0.15699781158917792,0.15699781158917792
1384,CG2-THR__CG2-VAL,0.1569938298998675,0.1569938298998675
1385,ND2-ASN__CE1-HID,0.15688565790405667,0.15688565790405667
1386,CB-ASN__CA-GLY,0.15686799460657935,0.15686799460657935
1387,CA-SER__NZ-LYS,0.15684876789276395,0.15684876789276395
1388,CD2-LEU__CE3-TRP,0.15684564278924248,0.15684564278924248
1389,C-TYR__CG1-VAL,0.156786546048014,0.156786546048014
1390,O-ASN__CG-PRO,0.15674506918068493,0.15674506918068493
1391,O-ARG__O-THR,0.15667934090867947,0.15667934090867947
1392,C-SER__CA-GLU,-0.1565689353512531,0.1565689353512531
1393,CE3-TRP__N-PRO,0.15656761143090647,0.15656761143090647
1394,O-LEU__CE1-PHE,0.15655276305910235,0.15655276305910235
1395,OE2-GLU__CB-PRO,0.1565003298869066,0.1565003298869066
1396,O-PHE__CD2-PHE,-0.1563885138016571,0.1563885138016571
1397,NE2-GLN__CD2-LEU,0.15635349169762824,0.15635349169762824
1398,CD2-PHE__N-PRO,0.15628725280659633,0.15628725280659633
1399,O-PRO__NZ-LYS,0.15622238362894306,0.15622238362894306
1400,ND2-ASN__N-PHE,0.15619344180397662,0.15619344180397662
1401,CG2-VAL__CE-LYS,0.1561242245064993,0.1561242245064993
1402,CE2-PHE__CZ-ARG,0.15605216743833678,0.15605216743833678
1403,CA-CYS__CB-ASP,-0.1560344987055879,0.1560344987055879
